label;pixel0;pixel1;pixel2;pixel3;pixel4;pixel5;pixel6;pixel7;pixel8;pixel9;pixel10;pixel11;pixel12;pixel13;pixel14;pixel15;pixel16;pixel17;pixel18;pixel19;pixel20;pixel21;pixel22;pixel23;pixel24;pixel25;pixel26;pixel27;pixel28;pixel29;pixel30;pixel31;pixel32;pixel33;pixel34;pixel35;pixel36;pixel37;pixel38;pixel39;pixel40;pixel41;pixel42;pixel43;pixel44;pixel45;pixel46;pixel47;pixel48;pixel49;pixel50;pixel51;pixel52;pixel53;pixel54;pixel55;pixel56;pixel57;pixel58;pixel59;pixel60;pixel61;pixel62;pixel63;pixel64;pixel65;pixel66;pixel67;pixel68;pixel69;pixel70;pixel71;pixel72;pixel73;pixel74;pixel75;pixel76;pixel77;pixel78;pixel79;pixel80;pixel81;pixel82;pixel83;pixel84;pixel85;pixel86;pixel87;pixel88;pixel89;pixel90;pixel91;pixel92;pixel93;pixel94;pixel95;pixel96;pixel97;pixel98;pixel99;pixel100;pixel101;pixel102;pixel103;pixel104;pixel105;pixel106;pixel107;pixel108;pixel109;pixel110;pixel111;pixel112;pixel113;pixel114;pixel115;pixel116;pixel117;pixel118;pixel119;pixel120;pixel121;pixel122;pixel123;pixel124;pixel125;pixel126;pixel127;pixel128;pixel129;pixel130;pixel131;pixel132;pixel133;pixel134;pixel135;pixel136;pixel137;pixel138;pixel139;pixel140;pixel141;pixel142;pixel143;pixel144;pixel145;pixel146;pixel147;pixel148;pixel149;pixel150;pixel151;pixel152;pixel153;pixel154;pixel155;pixel156;pixel157;pixel158;pixel159;pixel160;pixel161;pixel162;pixel163;pixel164;pixel165;pixel166;pixel167;pixel168;pixel169;pixel170;pixel171;pixel172;pixel173;pixel174;pixel175;pixel176;pixel177;pixel178;pixel179;pixel180;pixel181;pixel182;pixel183;pixel184;pixel185;pixel186;pixel187;pixel188;pixel189;pixel190;pixel191;pixel192;pixel193;pixel194;pixel195;pixel196;pixel197;pixel198;pixel199;pixel200;pixel201;pixel202;pixel203;pixel204;pixel205;pixel206;pixel207;pixel208;pixel209;pixel210;pixel211;pixel212;pixel213;pixel214;pixel215;pixel216;pixel217;pixel218;pixel219;pixel220;pixel221;pixel222;pixel223;pixel224;pixel225;pixel226;pixel227;pixel228;pixel229;pixel230;pixel231;pixel232;pixel233;pixel234;pixel235;pixel236;pixel237;pixel238;pixel239;pixel240;pixel241;pixel242;pixel243;pixel244;pixel245;pixel246;pixel247;pixel248;pixel249;pixel250;pixel251;pixel252;pixel253;pixel254;pixel255;pixel256;pixel257;pixel258;pixel259;pixel260;pixel261;pixel262;pixel263;pixel264;pixel265;pixel266;pixel267;pixel268;pixel269;pixel270;pixel271;pixel272;pixel273;pixel274;pixel275;pixel276;pixel277;pixel278;pixel279;pixel280;pixel281;pixel282;pixel283;pixel284;pixel285;pixel286;pixel287;pixel288;pixel289;pixel290;pixel291;pixel292;pixel293;pixel294;pixel295;pixel296;pixel297;pixel298;pixel299;pixel300;pixel301;pixel302;pixel303;pixel304;pixel305;pixel306;pixel307;pixel308;pixel309;pixel310;pixel311;pixel312;pixel313;pixel314;pixel315;pixel316;pixel317;pixel318;pixel319;pixel320;pixel321;pixel322;pixel323;pixel324;pixel325;pixel326;pixel327;pixel328;pixel329;pixel330;pixel331;pixel332;pixel333;pixel334;pixel335;pixel336;pixel337;pixel338;pixel339;pixel340;pixel341;pixel342;pixel343;pixel344;pixel345;pixel346;pixel347;pixel348;pixel349;pixel350;pixel351;pixel352;pixel353;pixel354;pixel355;pixel356;pixel357;pixel358;pixel359;pixel360;pixel361;pixel362;pixel363;pixel364;pixel365;pixel366;pixel367;pixel368;pixel369;pixel370;pixel371;pixel372;pixel373;pixel374;pixel375;pixel376;pixel377;pixel378;pixel379;pixel380;pixel381;pixel382;pixel383;pixel384;pixel385;pixel386;pixel387;pixel388;pixel389;pixel390;pixel391;pixel392;pixel393;pixel394;pixel395;pixel396;pixel397;pixel398;pixel399;pixel400;pixel401;pixel402;pixel403;pixel404;pixel405;pixel406;pixel407;pixel408;pixel409;pixel410;pixel411;pixel412;pixel413;pixel414;pixel415;pixel416;pixel417;pixel418;pixel419;pixel420;pixel421;pixel422;pixel423;pixel424;pixel425;pixel426;pixel427;pixel428;pixel429;pixel430;pixel431;pixel432;pixel433;pixel434;pixel435;pixel436;pixel437;pixel438;pixel439;pixel440;pixel441;pixel442;pixel443;pixel444;pixel445;pixel446;pixel447;pixel448;pixel449;pixel450;pixel451;pixel452;pixel453;pixel454;pixel455;pixel456;pixel457;pixel458;pixel459;pixel460;pixel461;pixel462;pixel463;pixel464;pixel465;pixel466;pixel467;pixel468;pixel469;pixel470;pixel471;pixel472;pixel473;pixel474;pixel475;pixel476;pixel477;pixel478;pixel479;pixel480;pixel481;pixel482;pixel483;pixel484;pixel485;pixel486;pixel487;pixel488;pixel489;pixel490;pixel491;pixel492;pixel493;pixel494;pixel495;pixel496;pixel497;pixel498;pixel499;pixel500;pixel501;pixel502;pixel503;pixel504;pixel505;pixel506;pixel507;pixel508;pixel509;pixel510;pixel511;pixel512;pixel513;pixel514;pixel515;pixel516;pixel517;pixel518;pixel519;pixel520;pixel521;pixel522;pixel523;pixel524;pixel525;pixel526;pixel527;pixel528;pixel529;pixel530;pixel531;pixel532;pixel533;pixel534;pixel535;pixel536;pixel537;pixel538;pixel539;pixel540;pixel541;pixel542;pixel543;pixel544;pixel545;pixel546;pixel547;pixel548;pixel549;pixel550;pixel551;pixel552;pixel553;pixel554;pixel555;pixel556;pixel557;pixel558;pixel559;pixel560;pixel561;pixel562;pixel563;pixel564;pixel565;pixel566;pixel567;pixel568;pixel569;pixel570;pixel571;pixel572;pixel573;pixel574;pixel575;pixel576;pixel577;pixel578;pixel579;pixel580;pixel581;pixel582;pixel583;pixel584;pixel585;pixel586;pixel587;pixel588;pixel589;pixel590;pixel591;pixel592;pixel593;pixel594;pixel595;pixel596;pixel597;pixel598;pixel599;pixel600;pixel601;pixel602;pixel603;pixel604;pixel605;pixel606;pixel607;pixel608;pixel609;pixel610;pixel611;pixel612;pixel613;pixel614;pixel615;pixel616;pixel617;pixel618;pixel619;pixel620;pixel621;pixel622;pixel623;pixel624;pixel625;pixel626;pixel627;pixel628;pixel629;pixel630;pixel631;pixel632;pixel633;pixel634;pixel635;pixel636;pixel637;pixel638;pixel639;pixel640;pixel641;pixel642;pixel643;pixel644;pixel645;pixel646;pixel647;pixel648;pixel649;pixel650;pixel651;pixel652;pixel653;pixel654;pixel655;pixel656;pixel657;pixel658;pixel659;pixel660;pixel661;pixel662;pixel663;pixel664;pixel665;pixel666;pixel667;pixel668;pixel669;pixel670;pixel671;pixel672;pixel673;pixel674;pixel675;pixel676;pixel677;pixel678;pixel679;pixel680;pixel681;pixel682;pixel683;pixel684;pixel685;pixel686;pixel687;pixel688;pixel689;pixel690;pixel691;pixel692;pixel693;pixel694;pixel695;pixel696;pixel697;pixel698;pixel699;pixel700;pixel701;pixel702;pixel703;pixel704;pixel705;pixel706;pixel707;pixel708;pixel709;pixel710;pixel711;pixel712;pixel713;pixel714;pixel715;pixel716;pixel717;pixel718;pixel719;pixel720;pixel721;pixel722;pixel723;pixel724;pixel725;pixel726;pixel727;pixel728;pixel729;pixel730;pixel731;pixel732;pixel733;pixel734;pixel735;pixel736;pixel737;pixel738;pixel739;pixel740;pixel741;pixel742;pixel743;pixel744;pixel745;pixel746;pixel747;pixel748;pixel749;pixel750;pixel751;pixel752;pixel753;pixel754;pixel755;pixel756;pixel757;pixel758;pixel759;pixel760;pixel761;pixel762;pixel763;pixel764;pixel765;pixel766;pixel767;pixel768;pixel769;pixel770;pixel771;pixel772;pixel773;pixel774;pixel775;pixel776;pixel777;pixel778;pixel779;pixel780;pixel781;pixel782;pixel783
4;0;0;0;0;0;0;0;0;0;0;0;0;0;0;0;0;0;0;0;0;0;0;0;0;0;0;0;0;0;0;0;0;0;0;0;0;0;0;0;0;0;0;0;0;0;0;0;0;0;0;0;0;0;0;0;0;0;0;0;0;0;0;0;0;0;0;0;0;0;0;0;0;0;0;0;0;0;0;0;0;0;0;0;0;0;0;0;0;0;0;0;0;0;0;0;0;0;0;0;0;0;0;0;0;0;0;0;0;0;0;0;0;0;0;0;0;0;0;0;0;0;0;0;0;0;0;0;0;0;0;0;0;0;0;0;0;0;0;0;0;0;0;0;0;0;0;220;179;6;0;0;0;0;0;0;0;0;9;77;0;0;0;0;0;0;0;0;0;0;0;0;0;0;0;28;247;17;0;0;0;0;0;0;0;0;27;202;0;0;0;0;0;0;0;0;0;0;0;0;0;0;0;0;242;155;0;0;0;0;0;0;0;0;27;254;63;0;0;0;0;0;0;0;0;0;0;0;0;0;0;0;160;207;6;0;0;0;0;0;0;0;27;254;65;0;0;0;0;0;0;0;0;0;0;0;0;0;0;0;127;254;21;0;0;0;0;0;0;0;20;239;65;0;0;0;0;0;0;0;0;0;0;0;0;0;0;0;77;254;21;0;0;0;0;0;0;0;0;195;65;0;0;0;0;0;0;0;0;0;0;0;0;0;0;0;70;254;21;0;0;0;0;0;0;0;0;195;142;0;0;0;0;0;0;0;0;0;0;0;0;0;0;0;56;251;21;0;0;0;0;0;0;0;0;195;227;0;0;0;0;0;0;0;0;0;0;0;0;0;0;0;0;222;153;5;0;0;0;0;0;0;0;120;240;13;0;0;0;0;0;0;0;0;0;0;0;0;0;0;0;67;251;40;0;0;0;0;0;0;0;94;255;69;0;0;0;0;0;0;0;0;0;0;0;0;0;0;0;0;234;184;0;0;0;0;0;0;0;19;245;69;0;0;0;0;0;0;0;0;0;0;0;0;0;0;0;0;234;169;0;0;0;0;0;0;0;3;199;182;10;0;0;0;0;0;0;0;0;0;0;0;0;0;0;0;154;205;4;0;0;26;72;128;203;208;254;254;131;0;0;0;0;0;0;0;0;0;0;0;0;0;0;0;61;254;129;113;186;245;251;189;75;56;136;254;73;0;0;0;0;0;0;0;0;0;0;0;0;0;0;0;15;216;233;233;159;104;52;0;0;0;38;254;73;0;0;0;0;0;0;0;0;0;0;0;0;0;0;0;0;0;0;0;0;0;0;0;0;0;18;254;73;0;0;0;0;0;0;0;0;0;0;0;0;0;0;0;0;0;0;0;0;0;0;0;0;0;18;254;73;0;0;0;0;0;0;0;0;0;0;0;0;0;0;0;0;0;0;0;0;0;0;0;0;0;5;206;106;0;0;0;0;0;0;0;0;0;0;0;0;0;0;0;0;0;0;0;0;0;0;0;0;0;0;186;159;0;0;0;0;0;0;0;0;0;0;0;0;0;0;0;0;0;0;0;0;0;0;0;0;0;6;209;101;0;0;0;0;0;0;0;0;0;0;0;0;0;0;0;0;0;0;0;0;0;0;0;0;0;0;0;0;0;0;0;0;0;0;0;0;0;0;0;0;0;0;0;0;0;0;0;0;0;0;0;0;0;0;0;0;0;0;0;0;0;0;0;0;0;0;0;0;0;0;0;0;0;0;0;0;0;0;0;0;0;0;0;0;0;0;0;0;0;0
9;0;0;0;0;0;0;0;0;0;0;0;0;0;0;0;0;0;0;0;0;0;0;0;0;0;0;0;0;0;0;0;0;0;0;0;0;0;0;0;0;0;0;0;0;0;0;0;0;0;0;0;0;0;0;0;0;0;0;0;0;0;0;0;0;0;0;0;0;0;0;0;0;0;0;0;0;0;0;0;0;0;0;0;0;0;0;0;0;0;0;0;0;0;0;0;0;0;0;0;0;0;0;0;0;0;0;0;0;0;0;0;0;0;0;0;0;0;0;0;0;0;0;0;0;0;0;0;0;0;0;0;0;0;0;0;0;0;0;0;0;0;0;0;0;0;0;0;0;0;0;0;0;0;0;0;0;0;0;0;0;0;0;0;0;0;0;0;0;0;0;0;0;0;0;0;0;0;0;0;0;0;0;15;48;143;186;244;143;31;0;0;0;0;0;0;0;0;0;0;0;0;0;0;0;0;0;0;0;0;83;209;253;252;252;252;252;192;15;0;0;0;0;0;0;0;0;0;0;0;0;0;0;0;0;0;5;166;241;252;253;252;170;162;252;252;113;0;0;0;0;0;0;0;0;0;0;0;0;0;0;0;5;61;234;252;252;243;121;44;2;21;245;252;122;0;0;0;0;0;0;0;0;0;0;0;0;0;0;0;80;252;252;243;163;50;0;0;0;5;101;88;8;0;0;0;0;0;0;0;0;0;0;0;0;0;0;105;234;252;210;88;0;0;0;0;74;199;240;43;0;0;0;0;0;0;0;0;0;0;0;0;0;0;0;185;252;210;21;0;4;12;41;231;249;252;252;55;0;0;0;0;0;0;0;0;0;0;0;0;0;0;0;242;252;218;154;154;184;252;253;252;252;248;184;22;0;0;0;0;0;0;0;0;0;0;0;0;0;0;0;209;252;252;252;252;252;252;253;252;252;196;0;0;0;0;0;0;0;0;0;0;0;0;0;0;0;0;0;17;57;142;95;142;61;81;253;252;209;20;0;0;0;0;0;0;0;0;0;0;0;0;0;0;0;0;0;0;0;0;0;0;11;177;255;230;86;0;0;0;0;0;0;0;0;0;0;0;0;0;0;0;0;0;0;0;0;0;0;12;124;252;245;57;0;0;0;0;0;0;0;0;0;0;0;0;0;0;0;0;0;0;0;0;0;0;0;135;252;252;86;0;0;0;0;0;0;0;0;0;0;0;0;0;0;0;0;0;0;0;0;0;0;0;79;248;252;233;0;0;0;0;0;0;0;0;0;0;0;0;0;0;0;0;0;0;0;0;0;0;0;0;231;252;202;12;0;0;0;0;0;0;0;0;0;0;0;0;0;0;0;0;0;0;0;0;0;0;20;175;248;252;136;0;0;0;0;0;0;0;0;0;0;0;0;0;0;0;0;0;0;0;0;0;0;0;109;252;252;159;6;0;0;0;0;0;0;0;0;0;0;0;0;0;0;0;0;0;0;0;0;0;0;33;218;252;252;192;141;14;0;0;0;0;0;0;0;0;0;0;0;0;0;0;0;0;0;0;0;0;0;132;252;252;252;205;74;0;0;0;0;0;0;0;0;0;0;0;0;0;0;0;0;0;0;0;0;0;0;132;252;252;146;13;0;0;0;0;0;0;0;0;0;0;0;0;0;0;0;0;0;0;0;0;0;0;0;0;0;0;0;0;0;0;0;0;0;0;0;0;0;0;0;0;0;0;0;0;0;0;0;0;0;0;0;0;0;0;0;0;0;0;0;0;0;0;0;0;0;0;0;0;0;0;0
9;0;0;0;0;0;0;0;0;0;0;0;0;0;0;0;0;0;0;0;0;0;0;0;0;0;0;0;0;0;0;0;0;0;0;0;0;0;0;0;0;0;0;0;0;0;0;0;0;0;0;0;0;0;0;0;0;0;0;0;0;0;0;0;0;0;0;0;0;0;0;0;0;0;0;0;0;0;0;0;0;0;0;0;0;0;0;0;0;0;0;0;0;0;0;0;0;0;0;0;0;0;0;0;0;0;0;0;0;0;0;0;0;0;0;0;0;0;0;0;0;0;0;0;0;0;0;0;0;0;0;0;0;0;0;0;0;0;0;0;0;0;0;0;0;0;0;0;0;0;0;0;0;0;0;0;0;0;0;0;0;0;0;0;0;0;0;0;0;0;0;0;0;0;0;0;0;0;0;0;0;0;0;80;218;254;254;163;14;0;0;0;0;0;0;0;0;0;0;0;0;0;0;0;0;0;0;0;0;6;188;254;253;253;253;253;122;0;0;0;0;0;0;0;0;0;0;0;0;0;0;0;0;0;0;0;11;213;253;254;236;111;238;253;238;31;0;0;0;0;0;0;0;0;0;0;0;0;0;0;0;0;0;15;178;253;235;26;19;0;227;253;245;41;0;0;0;0;0;0;0;0;0;0;0;0;0;0;0;0;0;118;253;230;23;0;0;47;241;253;218;0;0;0;0;0;0;0;0;0;0;0;0;0;0;0;0;0;30;244;250;105;0;0;59;229;253;253;133;0;0;0;0;0;0;0;0;0;0;0;0;0;0;0;0;0;105;253;235;1;27;115;248;253;253;248;39;0;0;0;0;0;0;0;0;0;0;0;0;0;0;0;0;0;87;253;249;194;253;254;253;253;253;107;0;0;0;0;0;0;0;0;0;0;0;0;0;0;0;0;0;0;22;196;244;211;156;223;253;253;208;10;0;0;0;0;0;0;0;0;0;0;0;0;0;0;0;0;0;0;0;0;0;0;0;254;253;253;26;0;0;0;0;0;0;0;0;0;0;0;0;0;0;0;0;0;0;0;0;0;0;0;116;255;254;108;0;0;0;0;0;0;0;0;0;0;0;0;0;0;0;0;0;0;0;0;0;0;0;33;250;254;161;7;0;0;0;0;0;0;0;0;0;0;0;0;0;0;0;0;0;0;0;0;0;0;5;164;253;235;6;0;0;0;0;0;0;0;0;0;0;0;0;0;0;0;0;0;0;0;0;0;0;0;36;253;253;48;0;0;0;0;0;0;0;0;0;0;0;0;0;0;0;0;0;0;0;0;0;0;0;14;212;253;192;0;0;0;0;0;0;0;0;0;0;0;0;0;0;0;0;0;0;0;0;0;0;0;5;148;253;245;14;0;0;0;0;0;0;0;0;0;0;0;0;0;0;0;0;0;0;0;0;0;0;0;75;253;251;128;0;0;0;0;0;0;0;0;0;0;0;0;0;0;0;0;0;0;0;0;0;0;0;19;207;253;199;0;0;0;0;0;0;0;0;0;0;0;0;0;0;0;0;0;0;0;0;0;0;0;0;111;253;243;62;0;0;0;0;0;0;0;0;0;0;0;0;0;0;0;0;0;0;0;0;0;0;0;19;230;253;166;0;0;0;0;0;0;0;0;0;0;0;0;0;0;0;0;0;0;0;0;0;0;0;0;0;0;0;0;0;0;0;0;0;0;0;0;0;0;0;0;0;0;0;0;0;0;0;0;0;0;0;0;0;0;0;0;0;0;0;0;0;0;0;0;0;0;0;0;0;0;0;0;0
9;0;0;0;0;0;0;0;0;0;0;0;0;0;0;0;0;0;0;0;0;0;0;0;0;0;0;0;0;0;0;0;0;0;0;0;0;0;0;0;0;0;0;0;0;0;0;0;0;0;0;0;0;0;0;0;0;0;0;0;0;0;0;0;0;0;0;0;0;0;0;0;0;0;0;0;0;0;0;0;0;0;0;0;0;0;0;0;0;0;0;0;0;0;0;0;0;0;0;0;0;0;0;0;0;0;0;0;0;0;0;0;0;0;0;0;0;0;0;0;0;0;0;0;0;0;0;0;0;0;0;0;0;0;0;0;0;0;0;0;0;0;0;0;0;0;0;0;0;0;0;0;0;0;0;0;0;0;0;0;0;0;0;0;0;0;0;0;0;0;0;0;0;0;0;0;0;0;0;0;0;0;0;12;141;225;186;13;0;0;0;0;0;0;0;0;0;0;0;0;0;0;0;0;0;0;0;0;0;3;61;223;254;254;254;147;0;0;0;0;0;0;0;0;0;0;0;0;0;0;0;0;0;0;0;0;20;140;254;254;254;254;254;252;99;0;0;0;0;0;0;0;0;0;0;0;0;0;0;0;0;0;0;20;208;254;254;254;254;254;254;254;182;0;0;0;0;0;0;0;0;0;0;0;0;0;0;0;0;0;12;139;254;254;254;241;152;207;254;254;216;21;0;0;0;0;0;0;0;0;0;0;0;0;0;0;0;0;121;254;254;248;136;31;0;51;248;254;254;120;0;0;0;0;0;0;0;0;0;0;0;0;0;0;0;0;214;254;254;50;0;86;149;142;254;254;254;120;0;0;0;0;0;0;0;0;0;0;0;0;0;0;0;0;217;254;234;27;0;101;254;254;254;254;222;29;0;0;0;0;0;0;0;0;0;0;0;0;0;0;0;0;186;254;254;147;83;188;254;254;254;251;88;0;0;0;0;0;0;0;0;0;0;0;0;0;0;0;0;0;121;254;254;254;254;254;254;254;254;153;0;0;0;0;0;0;0;0;0;0;0;0;0;0;0;0;0;0;32;176;249;254;254;254;254;254;254;71;0;0;0;0;0;0;0;0;0;0;0;0;0;0;0;0;0;0;0;0;48;118;82;115;254;254;196;17;0;0;0;0;0;0;0;0;0;0;0;0;0;0;0;0;0;0;0;0;0;0;0;190;254;254;99;0;0;0;0;0;0;0;0;0;0;0;0;0;0;0;0;0;0;0;0;0;0;0;38;247;254;222;11;0;0;0;0;0;0;0;0;0;0;0;0;0;0;0;0;0;0;0;0;0;0;6;200;254;254;114;0;0;0;0;0;0;0;0;0;0;0;0;0;0;0;0;0;0;0;0;0;0;0;34;254;254;247;39;0;0;0;0;0;0;0;0;0;0;0;0;0;0;0;0;0;0;0;0;0;0;0;154;254;254;163;0;0;0;0;0;0;0;0;0;0;0;0;0;0;0;0;0;0;0;0;0;0;0;35;239;254;254;48;0;0;0;0;0;0;0;0;0;0;0;0;0;0;0;0;0;0;0;0;0;0;0;66;254;254;212;6;0;0;0;0;0;0;0;0;0;0;0;0;0;0;0;0;0;0;0;0;0;0;0;149;254;254;97;0;0;0;0;0;0;0;0;0;0;0;0;0;0;0;0;0;0;0;0;0;0;0;0;0;0;0;0;0;0;0;0;0;0;0;0;0;0;0;0;0;0;0;0;0;0;0;0;0;0;0;0;0;0;0;0;0;0;0;0;0;0;0;0;0;0;0;0;0
9;0;0;0;0;0;0;0;0;0;0;0;0;0;0;0;0;0;0;0;0;0;0;0;0;0;0;0;0;0;0;0;0;0;0;0;0;0;0;0;0;0;0;0;0;0;0;0;0;0;0;0;0;0;0;0;0;0;0;0;0;0;0;0;0;0;0;0;0;0;0;0;0;0;0;0;0;0;0;0;0;0;0;0;0;0;0;0;0;0;0;0;0;0;0;0;0;0;0;0;0;0;0;0;0;0;0;0;0;0;0;0;0;0;0;0;0;0;0;0;0;0;0;0;0;0;0;0;0;0;0;0;0;0;0;0;0;0;0;0;0;0;0;0;0;0;0;0;0;0;0;0;0;0;0;0;0;0;0;0;0;0;0;0;0;0;0;0;0;0;0;0;0;0;0;0;0;0;0;0;3;98;233;255;166;7;0;0;0;0;0;0;0;0;0;0;0;0;0;0;0;0;0;0;0;0;0;0;89;254;254;236;249;145;0;0;0;0;0;0;0;0;0;0;0;0;0;0;0;0;0;0;0;0;0;58;240;238;130;7;177;239;39;0;0;0;0;0;0;0;0;0;0;0;0;0;0;0;0;0;0;0;11;209;248;91;0;0;17;244;157;0;0;0;0;0;0;0;0;0;0;0;0;0;0;0;0;0;0;0;87;254;129;0;0;0;0;173;205;176;54;0;0;0;0;0;0;0;0;0;0;0;0;0;0;0;0;5;202;254;31;0;0;0;0;77;244;254;159;0;0;0;0;0;0;0;0;0;0;0;0;0;0;0;0;18;253;148;1;0;0;0;0;0;119;254;215;0;0;0;0;0;0;0;0;0;0;0;0;0;0;0;0;79;254;62;0;0;0;0;0;0;123;254;133;0;0;0;0;0;0;0;0;0;0;0;0;0;0;0;0;158;222;4;0;0;0;0;0;49;235;242;29;0;0;0;0;0;0;0;0;0;0;0;0;0;0;0;0;227;191;0;0;0;0;0;77;247;254;201;0;0;0;0;0;0;0;0;0;0;0;0;0;0;0;0;0;227;172;0;0;0;14;143;246;210;209;201;0;0;0;0;0;0;0;0;0;0;0;0;0;0;0;0;0;211;191;0;0;61;217;254;192;23;146;201;0;0;0;0;0;0;0;0;0;0;0;0;0;0;0;0;0;102;251;172;232;251;223;109;7;0;165;201;0;0;0;0;0;0;0;0;0;0;0;0;0;0;0;0;0;8;125;177;196;123;15;0;0;0;165;217;6;0;0;0;0;0;0;0;0;0;0;0;0;0;0;0;0;0;0;0;0;0;0;0;0;0;161;229;9;0;0;0;0;0;0;0;0;0;0;0;0;0;0;0;0;0;0;0;0;0;0;0;0;0;216;250;16;0;0;0;0;0;0;0;0;0;0;0;0;0;0;0;0;0;0;0;0;0;0;0;0;0;216;254;17;0;0;0;0;0;0;0;0;0;0;0;0;0;0;0;0;0;0;0;0;0;0;0;0;0;216;244;14;0;0;0;0;0;0;0;0;0;0;0;0;0;0;0;0;0;0;0;0;0;0;0;0;0;216;201;0;0;0;0;0;0;0;0;0;0;0;0;0;0;0;0;0;0;0;0;0;0;0;0;0;0;178;201;0;0;0;0;0;0;0;0;0;0;0;0;0;0;0;0;0;0;0;0;0;0;0;0;0;0;0;0;0;0;0;0;0;0;0;0;0;0;0;0;0;0;0;0;0;0;0;0;0;0;0;0;0;0;0;0;0;0;0;0;0;0;0;0;0
4;0;0;0;0;0;0;0;0;0;0;0;0;0;0;0;0;0;0;0;0;0;0;0;0;0;0;0;0;0;0;0;0;0;0;0;0;0;0;0;0;0;0;0;0;0;0;0;0;0;0;0;0;0;0;0;0;0;0;0;0;0;0;0;0;0;0;0;0;0;0;0;0;0;0;0;0;0;0;0;0;0;0;0;0;0;0;0;0;0;0;0;0;0;0;0;0;0;0;0;0;0;0;0;0;0;0;0;0;0;0;0;0;0;0;0;0;0;0;0;0;0;0;0;0;0;0;0;0;0;0;0;0;0;0;0;0;0;0;0;0;0;0;0;0;0;0;0;0;0;0;81;131;42;0;0;0;0;0;0;0;0;0;174;198;3;0;0;0;0;0;0;0;0;0;0;0;0;0;44;254;141;0;0;0;0;0;0;0;0;12;180;190;3;0;0;0;0;0;0;0;0;0;0;0;0;0;162;254;90;0;0;0;0;0;0;0;50;242;254;75;0;0;0;0;0;0;0;0;0;0;0;0;0;4;171;250;184;0;0;0;0;0;0;0;10;233;243;62;0;0;0;0;0;0;0;0;0;0;0;0;0;16;209;238;50;0;0;0;0;0;0;0;100;255;142;0;0;0;0;0;0;0;0;0;0;0;0;0;0;111;254;233;41;0;0;0;0;0;0;60;198;254;82;0;0;0;0;0;0;0;0;0;0;0;0;0;26;173;254;254;195;168;168;168;168;128;106;182;254;254;216;8;0;0;0;0;0;0;0;0;0;0;0;0;89;254;254;254;254;254;254;254;254;254;254;254;254;255;232;10;0;0;0;0;0;0;0;0;0;0;0;75;224;254;254;254;254;254;213;198;198;216;254;254;254;151;42;0;0;0;0;0;0;0;0;0;0;0;4;77;254;254;254;244;167;68;18;0;0;73;234;232;143;7;0;0;0;0;0;0;0;0;0;0;0;0;108;254;254;254;244;94;0;0;0;0;0;206;254;161;0;0;0;0;0;0;0;0;0;0;0;0;0;2;172;254;254;209;93;0;0;0;0;0;59;220;254;125;0;0;0;0;0;0;0;0;0;0;0;0;0;2;159;254;247;68;0;0;0;0;0;0;99;254;227;25;0;0;0;0;0;0;0;0;0;0;0;0;0;4;195;239;39;0;0;0;0;0;0;58;224;215;43;0;0;0;0;0;0;0;0;0;0;0;0;0;0;0;20;95;0;0;0;0;0;0;23;198;254;225;27;0;0;0;0;0;0;0;0;0;0;0;0;0;0;0;0;0;0;0;0;0;0;0;81;224;254;173;0;0;0;0;0;0;0;0;0;0;0;0;0;0;0;0;0;0;0;0;0;0;0;113;248;254;186;17;0;0;0;0;0;0;0;0;0;0;0;0;0;0;0;0;0;0;0;0;0;0;23;143;254;224;101;0;0;0;0;0;0;0;0;0;0;0;0;0;0;0;0;0;0;0;0;0;0;0;27;220;254;67;0;0;0;0;0;0;0;0;0;0;0;0;0;0;0;0;0;0;0;0;0;0;0;0;0;181;224;32;0;0;0;0;0;0;0;0;0;0;0;0;0;0;0;0;0;0;0;0;0;0;0;0;0;0;0;0;0;0;0;0;0;0;0;0;0;0;0;0;0;0;0;0;0;0;0;0;0;0;0;0;0;0;0;0;0;0;0;0;0;0;0;0;0;0;0;0;0;0;0;0;0;0;0;0;0;0;0;0;0;0;0;0;0;0;0;0;0;0;0;0;0;0;0;0
9;0;0;0;0;0;0;0;0;0;0;0;0;0;0;0;0;0;0;0;0;0;0;0;0;0;0;0;0;0;0;0;0;0;0;0;0;0;0;0;0;0;0;0;0;0;0;0;0;0;0;0;0;0;0;0;0;0;0;0;0;0;0;0;0;0;0;0;0;0;0;0;0;0;0;0;0;0;0;0;0;0;0;0;0;0;0;0;0;0;0;0;0;0;0;0;0;0;0;0;0;0;0;0;0;0;0;0;0;0;0;0;0;0;0;0;0;0;0;0;0;0;0;0;0;0;0;0;0;0;0;0;0;0;0;0;0;0;0;0;0;0;0;0;0;0;0;0;0;0;0;0;0;0;0;0;0;0;0;0;0;0;0;0;0;0;0;0;0;0;0;0;0;0;0;0;0;0;0;0;0;0;0;4;32;93;245;181;76;2;0;0;0;0;0;0;0;0;0;0;0;0;0;0;0;0;0;0;0;15;132;240;254;254;254;254;254;186;9;0;0;0;0;0;0;0;0;0;0;0;0;0;0;0;0;0;16;197;254;254;248;225;140;75;237;254;186;5;0;0;0;0;0;0;0;0;0;0;0;0;0;0;0;77;196;254;254;232;49;0;0;0;215;253;164;4;0;0;0;0;0;0;0;0;0;0;0;0;0;0;85;238;254;254;185;34;0;0;0;12;16;165;10;0;0;0;0;0;0;0;0;0;0;0;0;0;0;30;238;254;252;191;29;0;0;0;32;218;239;94;2;0;0;0;0;0;0;0;0;0;0;0;0;0;47;239;254;254;124;0;0;0;0;6;207;254;254;254;16;0;0;0;0;0;0;0;0;0;0;0;0;0;97;254;254;196;13;0;0;0;7;160;254;254;254;246;14;0;0;0;0;0;0;0;0;0;0;0;0;0;23;221;254;162;9;0;0;45;200;254;254;254;233;78;0;0;0;0;0;0;0;0;0;0;0;0;0;0;0;100;230;254;192;209;209;246;254;254;254;254;67;0;0;0;0;0;0;0;0;0;0;0;0;0;0;0;0;0;17;187;254;254;254;254;254;254;254;135;4;0;0;0;0;0;0;0;0;0;0;0;0;0;0;0;0;0;0;25;112;115;228;254;254;254;182;26;0;0;0;0;0;0;0;0;0;0;0;0;0;0;0;0;0;0;0;0;0;8;205;254;254;211;15;0;0;0;0;0;0;0;0;0;0;0;0;0;0;0;0;0;0;0;0;0;0;81;254;254;254;130;0;0;0;0;0;0;0;0;0;0;0;0;0;0;0;0;0;0;0;0;0;0;0;138;254;254;180;24;0;0;0;0;0;0;0;0;0;0;0;0;0;0;0;0;0;0;0;0;0;0;40;233;254;208;24;0;0;0;0;0;0;0;0;0;0;0;0;0;0;0;0;0;0;0;0;0;0;0;114;254;254;129;0;0;0;0;0;0;0;0;0;0;0;0;0;0;0;0;0;0;0;0;0;0;0;0;114;254;243;91;0;0;0;0;0;0;0;0;0;0;0;0;0;0;0;0;0;0;0;0;0;0;0;0;88;254;217;0;0;0;0;0;0;0;0;0;0;0;0;0;0;0;0;0;0;0;0;0;0;0;0;0;1;109;225;58;0;0;0;0;0;0;0;0;0;0;0;0;0;0;0;0;0;0;0;0;0;0;0;0;0;0;0;0;0;0;0;0;0;0;0;0;0;0;0;0;0;0;0;0;0;0;0;0;0;0;0;0;0;0;0;0;0;0;0;0;0;0;0;0;0;0;0;0;0
4;0;0;0;0;0;0;0;0;0;0;0;0;0;0;0;0;0;0;0;0;0;0;0;0;0;0;0;0;0;0;0;0;0;0;0;0;0;0;0;0;0;0;0;0;0;0;0;0;0;0;0;0;0;0;0;0;0;0;0;0;0;0;0;0;0;0;0;0;0;0;0;0;0;0;0;0;0;0;0;0;0;0;0;0;0;0;0;0;0;0;0;0;0;0;0;0;0;0;0;0;0;0;0;0;0;0;0;0;0;0;0;0;0;0;0;0;0;0;0;0;0;0;0;0;0;0;0;0;0;0;0;0;0;0;0;0;0;0;0;0;0;0;0;0;0;0;0;0;0;0;0;0;0;0;0;0;0;0;0;40;232;188;0;0;0;0;0;0;0;0;0;0;0;0;0;0;0;0;0;0;0;0;0;0;0;0;0;189;254;163;0;0;0;0;0;0;0;0;0;0;0;0;0;0;0;0;0;16;148;25;0;0;0;0;47;253;246;28;0;0;0;0;0;0;0;0;0;0;0;0;0;0;0;0;0;187;254;98;0;0;0;0;191;255;107;0;0;0;0;0;0;0;0;0;0;0;0;0;0;0;0;0;127;253;226;16;0;0;0;16;230;244;28;0;0;0;0;0;0;0;0;0;0;0;0;0;0;0;0;56;244;242;70;0;0;0;0;155;254;108;0;0;0;0;0;0;0;0;0;0;0;0;0;0;0;0;15;230;254;135;0;0;0;0;18;230;242;29;0;0;0;0;0;0;0;0;0;0;0;0;0;0;0;0;159;255;188;14;0;0;0;0;125;255;186;4;53;110;0;0;0;0;0;0;0;0;0;0;0;0;0;53;247;254;69;6;0;0;0;7;213;254;181;223;254;184;0;0;0;0;0;0;0;0;0;0;0;0;0;229;254;254;254;221;216;216;203;206;254;254;254;237;115;11;0;0;0;0;0;0;0;0;0;0;0;0;88;252;254;219;215;223;254;254;254;254;254;186;63;26;0;0;0;0;0;0;0;0;0;0;0;0;0;0;247;255;148;4;0;10;47;47;79;255;250;48;0;0;0;0;0;0;0;0;0;0;0;0;0;0;0;0;129;147;4;0;0;0;0;0;148;254;174;0;0;0;0;0;0;0;0;0;0;0;0;0;0;0;0;0;0;0;0;0;0;0;0;5;216;255;52;0;0;0;0;0;0;0;0;0;0;0;0;0;0;0;0;0;0;0;0;0;0;0;0;81;254;228;13;0;0;0;0;0;0;0;0;0;0;0;0;0;0;0;0;0;0;0;0;0;0;0;0;165;254;149;0;0;0;0;0;0;0;0;0;0;0;0;0;0;0;0;0;0;0;0;0;0;0;0;0;216;254;47;0;0;0;0;0;0;0;0;0;0;0;0;0;0;0;0;0;0;0;0;0;0;0;0;0;216;240;30;0;0;0;0;0;0;0;0;0;0;0;0;0;0;0;0;0;0;0;0;0;0;0;0;0;216;186;0;0;0;0;0;0;0;0;0;0;0;0;0;0;0;0;0;0;0;0;0;0;0;0;0;0;216;215;0;0;0;0;0;0;0;0;0;0;0;0;0;0;0;0;0;0;0;0;0;0;0;0;0;0;0;0;0;0;0;0;0;0;0;0;0;0;0;0;0;0;0;0;0;0;0;0;0;0;0;0;0;0;0;0;0;0;0;0;0;0;0;0;0;0;0;0;0;0;0;0;0;0;0;0;0;0;0;0;0;0;0;0;0;0;0;0;0;0;0;0;0;0;0;0;0
9;0;0;0;0;0;0;0;0;0;0;0;0;0;0;0;0;0;0;0;0;0;0;0;0;0;0;0;0;0;0;0;0;0;0;0;0;0;0;0;0;0;0;0;0;0;0;0;0;0;0;0;0;0;0;0;0;0;0;0;0;0;0;0;0;0;0;0;0;0;0;0;0;0;0;0;0;0;0;0;0;0;0;0;0;0;0;0;0;0;0;0;0;0;0;0;0;0;0;0;0;0;0;0;0;0;0;0;0;0;0;0;0;0;0;0;0;0;0;0;0;0;0;0;0;0;0;0;0;0;0;0;0;0;0;0;0;0;0;0;0;0;0;0;0;0;0;0;0;0;0;0;0;80;117;236;232;117;74;0;0;0;0;0;0;0;0;0;0;0;0;0;0;0;0;0;0;0;0;37;165;244;249;244;244;253;242;73;3;0;0;0;0;0;0;0;0;0;0;0;0;0;0;0;0;0;20;195;254;230;39;0;0;150;254;254;100;0;0;0;0;0;0;0;0;0;0;0;0;0;0;0;0;0;31;254;254;73;0;0;0;22;167;254;128;0;0;0;0;0;0;0;0;0;0;0;0;0;0;0;0;0;22;234;254;89;0;0;0;0;100;245;46;0;0;0;0;0;0;0;0;0;0;0;0;0;0;0;0;0;0;185;254;208;111;7;31;122;247;242;37;0;0;0;0;0;0;0;0;0;0;0;0;0;0;0;0;0;0;152;254;254;254;200;254;254;254;156;0;0;0;0;0;0;0;0;0;0;0;0;0;0;0;0;0;0;0;5;164;229;254;254;214;193;254;129;0;0;0;0;0;0;0;0;0;0;0;0;0;0;0;0;0;0;0;0;0;23;60;59;0;153;254;129;0;0;0;0;0;0;0;0;0;0;0;0;0;0;0;0;0;0;0;0;0;0;0;0;0;136;254;129;0;0;0;0;0;0;0;0;0;0;0;0;0;0;0;0;0;0;0;0;0;0;0;0;0;215;254;129;0;0;0;0;0;0;0;0;0;0;0;0;0;0;0;0;0;0;0;0;0;0;0;0;0;215;254;106;0;0;0;0;0;0;0;0;0;0;0;0;0;0;0;0;0;0;0;6;0;0;0;0;0;215;254;30;0;0;0;0;0;0;0;0;0;0;0;0;0;0;0;0;0;0;9;143;4;0;0;0;0;215;235;22;0;0;0;0;0;0;0;0;0;0;0;0;0;0;0;0;0;0;106;115;2;0;0;0;40;235;174;0;0;0;0;0;0;0;0;0;0;0;0;0;0;0;0;0;0;0;230;70;0;0;0;4;227;254;85;0;0;0;0;0;0;0;0;0;0;0;0;0;0;0;0;0;0;41;243;109;0;0;21;119;254;173;7;0;0;0;0;0;0;0;0;0;0;0;0;0;0;0;0;0;0;150;254;174;55;91;227;254;198;26;0;0;0;0;0;0;0;0;0;0;0;0;0;0;0;0;0;0;0;175;254;254;251;254;246;166;4;0;0;0;0;0;0;0;0;0;0;0;0;0;0;0;0;0;0;0;0;67;166;254;199;118;44;0;0;0;0;0;0;0;0;0;0;0;0;0;0;0;0;0;0;0;0;0;0;0;0;0;0;0;0;0;0;0;0;0;0;0;0;0;0;0;0;0;0;0;0;0;0;0;0;0;0;0;0;0;0;0;0;0;0;0;0;0;0;0;0;0;0;0;0;0;0;0;0;0;0;0;0;0;0;0;0;0;0;0;0;0;0;0;0;0;0;0;0;0;0;0;0;0;0
4;0;0;0;0;0;0;0;0;0;0;0;0;0;0;0;0;0;0;0;0;0;0;0;0;0;0;0;0;0;0;0;0;0;0;0;0;0;0;0;0;0;0;0;0;0;0;0;0;0;0;0;0;0;0;0;0;0;0;0;0;0;0;0;0;0;0;0;0;0;0;0;0;0;0;0;0;0;0;0;0;0;0;0;0;0;0;0;0;0;0;0;0;0;0;0;0;0;0;0;0;0;0;0;0;0;0;0;0;0;0;0;0;0;0;0;0;0;0;0;0;0;0;0;0;0;0;0;0;0;0;0;0;0;0;0;0;0;0;0;0;0;0;0;0;0;0;0;0;0;231;11;0;0;0;0;0;0;0;0;0;202;92;0;0;0;0;0;0;0;0;0;0;0;0;0;0;60;244;116;0;0;0;0;0;0;0;0;0;253;92;0;0;0;0;0;0;0;0;0;0;0;0;0;0;176;252;116;0;0;0;0;0;0;0;0;85;253;92;0;0;0;0;0;0;0;0;0;0;0;0;0;26;224;252;74;0;0;0;0;0;0;0;0;210;253;92;0;0;0;0;0;0;0;0;0;0;0;0;0;70;252;252;0;0;0;0;0;0;0;0;43;240;232;8;0;0;0;0;0;0;0;0;0;0;0;0;0;70;253;180;0;0;0;0;0;0;0;0;93;253;168;0;0;0;0;0;0;0;0;0;0;0;0;0;0;142;252;22;0;0;0;0;0;0;0;0;93;252;95;0;0;0;0;0;0;0;0;0;0;0;0;0;13;203;252;22;0;0;0;0;0;0;0;0;176;252;53;0;0;0;0;0;0;0;0;0;0;0;0;0;47;252;252;22;0;0;0;0;0;0;0;0;207;252;0;0;0;0;0;0;0;0;0;0;0;0;0;0;151;252;252;128;64;116;32;0;0;0;0;116;248;252;0;0;0;0;0;0;0;0;0;0;0;0;0;0;162;253;253;253;255;253;253;253;253;128;97;222;253;253;22;0;0;0;0;0;0;0;0;0;0;0;0;0;161;252;252;252;253;252;252;252;252;253;252;252;252;252;245;161;78;9;0;0;0;0;0;0;0;0;0;0;65;183;208;252;215;215;183;240;252;253;252;252;252;252;253;240;151;13;0;0;0;0;0;0;0;0;0;0;0;0;17;45;21;21;0;37;45;46;83;252;176;45;46;37;0;0;0;0;0;0;0;0;0;0;0;0;0;0;0;0;0;0;0;0;0;0;151;252;160;0;0;0;0;0;0;0;0;0;0;0;0;0;0;0;0;0;0;0;0;0;0;0;0;24;253;253;161;0;0;0;0;0;0;0;0;0;0;0;0;0;0;0;0;0;0;0;0;0;0;0;0;24;252;252;87;0;0;0;0;0;0;0;0;0;0;0;0;0;0;0;0;0;0;0;0;0;0;0;0;55;252;252;45;0;0;0;0;0;0;0;0;0;0;0;0;0;0;0;0;0;0;0;0;0;0;0;0;138;252;227;29;0;0;0;0;0;0;0;0;0;0;0;0;0;0;0;0;0;0;0;0;0;0;0;0;34;252;130;0;0;0;0;0;0;0;0;0;0;0;0;0;0;0;0;0;0;0;0;0;0;0;0;0;0;0;0;0;0;0;0;0;0;0;0;0;0;0;0;0;0;0;0;0;0;0;0;0;0;0;0;0;0;0;0;0;0;0;0;0;0;0;0;0;0;0;0;0;0;0;0;0;0;0;0;0;0;0;0;0;0;0;0;0;0;0;0;0;0;0;0;0;0
4;0;0;0;0;0;0;0;0;0;0;0;0;0;0;0;0;0;0;0;0;0;0;0;0;0;0;0;0;0;0;0;0;0;0;0;0;0;0;0;0;0;0;0;0;0;0;0;0;0;0;0;0;0;0;0;0;0;0;0;0;0;0;0;0;0;0;0;0;0;0;0;0;0;0;0;0;0;0;0;0;0;0;0;0;0;0;0;0;0;0;0;0;0;0;0;0;0;0;0;0;0;0;0;0;0;0;0;0;0;0;0;0;0;0;0;0;0;0;0;0;0;0;0;0;0;0;0;0;0;0;0;0;0;0;0;0;0;0;0;0;0;0;0;0;0;0;0;0;0;0;0;0;0;0;0;0;0;100;195;255;237;29;0;0;0;0;0;0;0;0;0;0;0;0;0;0;0;0;0;0;0;0;0;72;189;249;253;199;115;21;0;0;0;0;0;0;0;0;0;0;0;0;0;0;0;0;0;0;0;28;182;254;253;244;219;132;61;0;0;0;0;0;0;0;0;0;0;0;0;0;0;0;0;0;0;0;102;240;253;228;111;128;253;254;240;34;0;0;0;0;0;0;0;0;0;0;0;0;0;0;0;0;51;221;254;254;136;34;13;221;254;151;222;197;0;0;0;0;0;0;0;0;0;0;0;0;0;0;9;130;247;254;194;39;6;0;97;253;168;0;46;226;63;0;0;0;0;0;0;0;0;0;0;0;0;41;174;253;253;146;4;0;0;0;147;253;152;0;0;21;13;0;0;0;0;0;0;0;0;0;0;0;34;229;253;244;94;0;0;0;0;0;230;253;69;0;0;0;0;0;0;0;0;0;0;0;0;0;0;108;254;254;199;17;0;0;0;0;0;70;254;247;50;0;0;0;0;0;0;0;0;0;0;0;0;13;181;249;236;157;11;0;0;0;0;0;0;153;253;230;0;0;0;0;0;0;0;0;0;0;0;0;0;145;253;253;85;0;0;0;0;0;0;0;0;170;253;154;0;0;0;0;0;0;0;0;0;0;0;0;0;161;253;253;203;68;0;0;0;0;0;0;0;254;253;137;0;0;0;0;0;0;0;0;0;0;0;0;0;0;134;216;254;254;254;178;161;162;78;38;51;254;254;138;0;0;0;0;0;0;0;0;0;0;0;0;0;0;0;11;90;173;232;253;253;254;253;243;247;254;253;192;47;34;0;0;0;0;0;0;0;0;0;0;0;0;0;0;0;0;25;54;137;138;137;213;246;254;253;253;253;241;207;122;0;0;0;0;0;0;0;0;0;0;0;0;0;0;0;0;0;0;0;0;184;254;236;160;228;254;253;196;0;0;0;0;0;0;0;0;0;0;0;0;0;0;0;0;0;0;0;0;185;254;148;0;0;0;85;17;0;0;0;0;0;0;0;0;0;0;0;0;0;0;0;0;0;0;0;0;184;254;115;0;0;0;0;0;0;0;0;0;0;0;0;0;0;0;0;0;0;0;0;0;0;0;0;19;240;254;115;0;0;0;0;0;0;0;0;0;0;0;0;0;0;0;0;0;0;0;0;0;0;0;0;91;253;254;48;0;0;0;0;0;0;0;0;0;0;0;0;0;0;0;0;0;0;0;0;0;0;0;0;0;0;0;0;0;0;0;0;0;0;0;0;0;0;0;0;0;0;0;0;0;0;0;0;0;0;0;0;0;0;0;0;0;0;0;0;0;0;0;0;0;0;0;0;0;0;0;0;0;0;0;0;0;0;0;0;0;0;0;0;0;0;0;0;0;0;0;0;0;0;0
4;0;0;0;0;0;0;0;0;0;0;0;0;0;0;0;0;0;0;0;0;0;0;0;0;0;0;0;0;0;0;0;0;0;0;0;0;0;0;0;0;0;0;0;0;0;0;0;0;0;0;0;0;0;0;0;0;0;0;0;0;0;0;0;0;0;0;0;0;0;0;0;0;0;0;0;0;0;0;0;0;0;0;0;0;0;0;0;0;0;0;0;0;0;0;0;0;0;0;0;0;0;0;0;0;0;0;0;0;0;0;0;0;0;0;0;0;0;0;0;0;0;0;0;0;0;0;0;0;0;0;0;0;0;0;0;0;0;0;0;0;0;0;0;0;0;0;0;0;0;0;0;0;0;0;0;0;0;0;0;0;0;0;0;0;0;0;0;0;0;0;0;0;0;0;0;0;0;81;200;184;67;0;0;0;0;0;0;113;238;222;35;0;0;0;0;0;0;0;0;0;0;0;0;0;0;173;254;254;144;0;0;0;0;3;164;254;254;254;75;0;0;0;0;0;0;0;0;0;0;0;0;0;0;57;254;254;103;0;0;0;0;49;254;254;184;41;12;0;0;0;0;0;0;0;0;0;0;0;0;0;0;140;254;254;6;0;0;0;0;145;254;254;141;0;0;0;0;0;0;0;0;0;0;0;0;0;0;0;0;173;254;254;6;0;0;0;4;160;254;240;29;0;0;0;0;0;0;0;0;0;0;0;0;0;0;0;4;177;254;254;6;0;0;0;28;254;254;151;0;0;33;140;0;0;0;0;0;0;0;0;0;0;0;0;56;254;254;187;3;0;0;0;100;254;254;80;0;33;218;234;0;0;0;0;0;0;0;0;0;0;0;34;217;254;248;70;0;0;0;0;166;254;254;249;249;250;254;173;0;0;0;0;0;0;0;0;0;0;35;139;254;254;246;44;89;91;91;191;245;254;254;254;254;254;168;10;0;0;0;0;0;0;0;0;0;0;209;254;254;254;254;230;253;254;254;254;254;254;254;189;140;48;14;0;0;0;0;0;0;0;0;0;0;0;209;254;254;254;254;254;254;254;215;242;254;249;68;4;0;0;0;0;0;0;0;0;0;0;0;0;0;0;34;130;227;227;219;89;89;89;62;231;255;157;0;0;0;0;0;0;0;0;0;0;0;0;0;0;0;0;0;0;0;0;0;0;0;0;74;254;254;110;0;0;0;0;0;0;0;0;0;0;0;0;0;0;0;0;0;0;0;0;0;0;0;0;207;254;241;56;0;0;0;0;0;0;0;0;0;0;0;0;0;0;0;0;0;0;0;0;0;0;0;142;252;254;170;0;0;0;0;0;0;0;0;0;0;0;0;0;0;0;0;0;0;0;0;0;0;0;37;237;254;212;12;0;0;0;0;0;0;0;0;0;0;0;0;0;0;0;0;0;0;0;0;0;0;0;111;254;254;206;0;0;0;0;0;0;0;0;0;0;0;0;0;0;0;0;0;0;0;0;0;0;0;0;111;254;254;206;0;0;0;0;0;0;0;0;0;0;0;0;0;0;0;0;0;0;0;0;0;0;0;0;111;254;254;120;0;0;0;0;0;0;0;0;0;0;0;0;0;0;0;0;0;0;0;0;0;0;0;0;111;254;217;32;0;0;0;0;0;0;0;0;0;0;0;0;0;0;0;0;0;0;0;0;0;0;0;0;0;0;0;0;0;0;0;0;0;0;0;0;0;0;0;0;0;0;0;0;0;0;0;0;0;0;0;0;0;0;0;0;0;0;0;0;0;0;0;0;0;0;0;0
9;0;0;0;0;0;0;0;0;0;0;0;0;0;0;0;0;0;0;0;0;0;0;0;0;0;0;0;0;0;0;0;0;0;0;0;0;0;0;0;0;0;0;0;0;0;0;0;0;0;0;0;0;0;0;0;0;0;0;0;0;0;0;0;0;0;0;0;0;0;0;0;0;0;0;0;0;0;0;0;0;0;0;0;0;0;0;0;0;0;0;0;0;0;0;0;0;0;0;0;0;0;0;0;0;0;0;0;0;0;0;0;0;0;0;0;0;0;0;0;0;0;0;0;0;0;0;0;0;0;0;0;0;0;0;0;0;0;0;0;0;0;0;0;0;0;0;0;0;0;0;0;0;0;0;0;0;0;0;0;0;0;0;0;0;0;0;0;0;0;0;0;0;0;0;0;0;0;45;178;253;255;253;165;141;76;0;0;0;0;0;0;0;0;0;0;0;0;0;0;0;0;0;0;0;45;225;252;252;247;234;252;252;231;19;0;0;0;0;0;0;0;0;0;0;0;0;0;0;0;0;0;0;178;252;252;127;50;38;94;205;253;190;19;0;0;0;0;0;0;0;0;0;0;0;0;0;0;0;0;51;253;252;177;3;0;0;0;13;103;252;56;0;0;0;0;0;0;0;0;0;0;0;0;0;0;0;0;126;255;247;50;0;0;0;0;0;104;253;156;0;0;0;0;0;0;0;0;0;0;0;0;0;0;0;0;225;253;196;0;0;0;0;0;101;253;252;56;0;0;0;0;0;0;0;0;0;0;0;0;0;0;0;0;225;253;196;0;0;0;0;67;246;253;252;56;0;0;0;0;0;0;0;0;0;0;0;0;0;0;0;0;175;253;196;0;0;0;26;210;252;253;252;56;0;0;0;0;0;0;0;0;0;0;0;0;0;0;0;0;114;254;253;165;28;4;179;253;253;254;253;69;0;0;0;0;0;0;0;0;0;0;0;0;0;0;0;0;38;228;252;252;215;179;252;252;227;253;252;187;7;0;0;0;0;0;0;0;0;0;0;0;0;0;0;0;0;44;224;252;252;253;252;186;43;165;252;252;28;0;0;0;0;0;0;0;0;0;0;0;0;0;0;0;0;0;19;65;139;140;115;6;0;141;252;252;128;0;0;0;0;0;0;0;0;0;0;0;0;0;0;0;0;0;0;0;0;0;0;0;0;29;253;253;140;0;0;0;0;0;0;0;0;0;0;0;0;0;0;0;0;0;0;0;0;0;0;0;0;29;252;252;139;0;0;0;0;0;0;0;0;0;0;0;0;0;0;0;0;0;0;0;0;0;0;0;0;29;252;252;139;0;0;0;0;0;0;0;0;0;0;0;0;0;0;0;0;0;0;0;0;0;0;0;0;29;252;252;240;0;0;0;0;0;0;0;0;0;0;0;0;0;0;0;0;0;0;0;0;0;0;0;0;13;207;253;253;176;0;0;0;0;0;0;0;0;0;0;0;0;0;0;0;0;0;0;0;0;0;0;0;0;169;252;252;200;0;0;0;0;0;0;0;0;0;0;0;0;0;0;0;0;0;0;0;0;0;0;0;0;169;252;252;113;0;0;0;0;0;0;0;0;0;0;0;0;0;0;0;0;0;0;0;0;0;0;0;0;119;252;252;63;0;0;0;0;0;0;0;0;0;0;0;0;0;0;0;0;0;0;0;0;0;0;0;0;0;0;0;0;0;0;0;0;0;0;0;0;0;0;0;0;0;0;0;0;0;0;0;0;0;0;0;0;0;0;0;0;0;0;0;0;0;0;0
9;0;0;0;0;0;0;0;0;0;0;0;0;0;0;0;0;0;0;0;0;0;0;0;0;0;0;0;0;0;0;0;0;0;0;0;0;0;0;0;0;0;0;0;0;0;0;0;0;0;0;0;0;0;0;0;0;0;0;0;0;0;0;0;0;0;0;0;0;0;0;0;0;0;0;0;0;0;0;0;0;0;0;0;0;0;0;0;0;0;0;0;0;0;0;0;0;0;0;0;0;0;0;0;0;0;0;0;0;0;0;0;0;0;0;0;0;0;0;0;0;0;0;0;0;0;0;0;0;0;0;0;0;0;0;0;0;0;0;0;0;0;0;0;0;0;0;0;0;0;0;0;0;0;0;0;0;0;0;0;0;0;0;0;0;0;0;0;0;0;0;0;0;0;0;0;0;0;0;0;0;0;0;0;0;0;0;0;0;0;0;0;0;0;0;0;0;0;0;0;0;0;0;0;0;0;0;0;0;0;0;0;52;79;160;215;238;114;0;0;0;0;0;0;0;0;0;0;0;0;0;0;0;0;0;0;0;0;85;218;251;253;253;253;253;218;0;0;0;0;0;0;0;0;0;0;0;0;0;0;0;0;0;22;89;185;248;253;235;167;53;114;244;218;0;0;0;0;0;0;0;0;0;0;0;0;0;0;0;0;43;221;248;253;181;53;18;0;0;0;98;68;0;0;0;0;0;0;0;0;0;0;0;0;0;0;0;10;213;253;224;86;10;0;0;0;63;192;109;0;0;0;0;0;0;0;0;0;0;0;0;0;0;0;0;53;253;224;72;0;0;13;63;177;250;253;245;36;0;0;0;0;0;0;0;0;0;0;0;0;0;0;0;48;249;216;114;114;177;219;254;253;253;253;233;24;0;0;0;0;0;0;0;0;0;0;0;0;0;0;0;0;182;253;253;253;253;253;254;253;253;231;62;0;0;0;0;0;0;0;0;0;0;0;0;0;0;0;0;0;36;112;156;91;70;168;254;253;229;94;0;0;0;0;0;0;0;0;0;0;0;0;0;0;0;0;0;0;0;0;0;0;40;253;254;253;131;0;0;0;0;0;0;0;0;0;0;0;0;0;0;0;0;0;0;0;0;0;0;70;230;254;255;156;0;0;0;0;0;0;0;0;0;0;0;0;0;0;0;0;0;0;0;0;0;0;0;159;253;253;153;3;0;0;0;0;0;0;0;0;0;0;0;0;0;0;0;0;0;0;0;0;0;0;107;249;253;232;6;0;0;0;0;0;0;0;0;0;0;0;0;0;0;0;0;0;0;0;0;0;0;8;203;253;251;101;0;0;0;0;0;0;0;0;0;0;0;0;0;0;0;0;0;0;0;0;0;0;0;81;253;253;168;0;0;0;0;0;0;0;0;0;0;0;0;0;0;0;0;0;0;0;0;0;0;0;0;123;253;232;51;0;0;0;0;0;0;0;0;0;0;0;0;0;0;0;0;0;0;0;0;0;0;0;29;211;253;79;0;0;0;0;0;0;0;0;0;0;0;0;0;0;0;0;0;0;0;0;0;0;0;0;137;253;196;15;0;0;0;0;0;0;0;0;0;0;0;0;0;0;0;0;0;0;0;0;0;0;0;0;219;236;56;0;0;0;0;0;0;0;0;0;0;0;0;0;0;0;0;0;0;0;0;0;0;0;0;0;219;101;0;0;0;0;0;0;0;0;0;0;0;0;0;0;0;0;0;0;0;0;0;0;0;0;0;0;0;0;0;0;0;0;0;0;0;0;0;0;0;0;0;0;0;0;0
4;0;0;0;0;0;0;0;0;0;0;0;0;0;0;0;0;0;0;0;0;0;0;0;0;0;0;0;0;0;0;0;0;0;0;0;0;0;0;0;0;0;0;0;0;0;0;0;0;0;0;0;0;0;0;0;0;0;0;0;0;0;0;0;0;0;0;0;0;0;0;0;0;0;0;0;0;0;0;0;0;0;0;0;0;0;0;0;0;0;0;0;0;0;0;0;0;0;0;0;0;0;0;0;0;0;0;0;0;0;0;0;0;0;0;0;0;0;0;0;0;0;0;0;0;0;0;0;0;0;0;0;0;0;0;0;0;0;0;0;0;0;0;0;0;0;0;0;0;153;255;249;0;0;0;0;0;0;0;0;0;0;0;0;0;0;0;0;0;0;0;0;0;0;0;0;44;235;253;231;0;0;0;0;0;0;0;0;24;27;0;0;0;0;0;0;0;0;0;0;0;0;0;0;97;253;253;129;0;0;0;0;0;0;0;0;166;232;36;0;0;0;0;0;0;0;0;0;0;0;0;40;237;253;253;41;0;0;0;0;0;0;0;23;231;253;53;0;0;0;0;0;0;0;0;0;0;0;0;54;253;253;166;2;0;0;0;0;0;0;0;127;253;200;10;0;0;0;0;0;0;0;0;0;0;0;0;109;253;253;241;10;0;0;0;0;0;0;5;192;253;188;0;0;0;0;0;0;0;0;0;0;0;0;0;53;252;253;253;125;0;0;0;0;0;0;12;253;253;188;0;0;0;0;0;0;0;0;0;0;0;0;0;0;178;253;253;196;11;0;0;0;0;0;23;253;253;188;0;0;0;0;0;0;0;0;0;0;0;0;0;0;27;205;253;253;190;16;0;0;0;0;130;253;253;114;0;0;0;0;0;0;0;0;0;0;0;0;0;0;0;69;247;253;253;205;95;14;0;27;214;253;220;21;0;0;0;0;0;0;0;0;0;0;0;0;0;0;0;0;189;253;253;253;253;209;96;155;253;253;206;0;0;0;0;0;0;0;0;0;0;0;0;0;0;0;0;0;17;101;253;253;253;253;253;253;253;253;162;0;0;0;0;0;0;0;0;0;0;0;0;0;0;0;0;0;0;4;130;116;253;253;253;253;253;253;88;0;0;0;0;0;0;0;0;0;0;0;0;0;0;0;0;0;0;0;0;1;61;41;233;253;253;224;2;0;0;0;0;0;0;0;0;0;0;0;0;0;0;0;0;0;0;0;0;0;0;10;218;253;253;210;0;0;0;0;0;0;0;0;0;0;0;0;0;0;0;0;0;0;0;0;0;0;0;78;253;253;246;37;0;0;0;0;0;0;0;0;0;0;0;0;0;0;0;0;0;0;0;0;0;0;0;78;253;253;241;0;0;0;0;0;0;0;0;0;0;0;0;0;0;0;0;0;0;0;0;0;0;0;0;171;253;253;245;35;0;0;0;0;0;0;0;0;0;0;0;0;0;0;0;0;0;0;0;0;0;0;0;94;253;253;253;160;0;0;0;0;0;0;0;0;0;0;0;0;0;0;0;0;0;0;0;0;0;0;0;42;234;253;242;7;0;0;0;0;0;0;0;0;0;0;0;0;0;0;0;0;0;0;0;0;0;0;0;0;0;0;0;0;0;0;0;0;0;0;0;0;0;0;0;0;0;0;0;0;0;0;0;0;0;0;0;0;0;0;0;0;0;0;0;0;0;0;0;0;0;0;0;0;0;0;0;0;0;0;0;0;0;0;0;0;0;0;0;0;0;0;0;0;0;0;0;0;0
9;0;0;0;0;0;0;0;0;0;0;0;0;0;0;0;0;0;0;0;0;0;0;0;0;0;0;0;0;0;0;0;0;0;0;0;0;0;0;0;0;0;0;0;0;0;0;0;0;0;0;0;0;0;0;0;0;0;0;0;0;0;0;0;0;0;0;0;0;0;0;0;0;0;0;0;0;0;0;0;0;0;0;0;0;0;0;0;0;0;0;0;0;0;0;0;0;0;0;0;0;0;0;0;0;0;0;0;0;0;0;0;0;0;0;0;0;0;0;0;0;0;0;0;0;0;0;0;0;0;0;0;0;0;0;0;0;0;0;0;0;0;0;0;0;0;0;0;0;0;0;0;0;0;0;0;0;0;0;0;0;0;0;0;0;0;0;0;0;0;0;0;0;0;0;0;0;0;0;0;0;0;0;0;198;170;0;0;0;0;0;0;0;0;0;0;0;0;0;0;0;0;0;0;0;0;0;0;0;29;170;226;255;255;0;0;0;0;0;0;0;0;0;0;0;0;0;0;0;0;0;0;0;0;0;0;57;255;255;114;255;255;0;0;0;0;0;0;0;0;0;0;0;0;0;0;0;0;0;0;0;0;0;29;226;255;170;0;170;255;86;0;0;0;0;0;0;0;0;0;0;0;0;0;0;0;0;0;0;0;0;141;255;114;0;0;170;255;86;0;0;0;0;0;0;0;0;0;0;0;0;0;0;0;0;0;0;0;57;255;170;0;0;0;170;255;86;0;0;0;0;0;0;0;0;0;0;0;0;0;0;0;0;0;0;0;170;255;57;0;0;0;170;255;86;0;0;0;0;0;0;0;0;0;0;0;0;0;0;0;0;0;0;29;255;170;0;0;0;0;226;255;86;0;0;0;0;0;0;0;0;0;0;0;0;0;0;0;0;0;0;86;255;141;0;0;57;198;255;255;86;0;0;0;0;0;0;0;0;0;0;0;0;0;0;0;0;0;0;0;226;255;255;255;255;255;226;255;86;0;0;0;0;0;0;0;0;0;0;0;0;0;0;0;0;0;0;0;0;57;114;86;86;29;170;255;57;0;0;0;0;0;0;0;0;0;0;0;0;0;0;0;0;0;0;0;0;0;0;0;0;0;170;255;0;0;0;0;0;0;0;0;0;0;0;0;0;0;0;0;0;0;0;0;0;0;0;0;0;0;226;170;0;0;0;0;0;0;0;0;0;0;0;0;0;0;0;0;0;0;0;0;0;0;0;0;0;0;255;141;0;0;0;0;0;0;0;0;0;0;0;0;0;0;0;0;0;0;0;0;0;0;0;0;0;86;255;86;0;0;0;0;0;0;0;0;0;0;0;0;0;0;0;0;0;0;0;0;0;0;0;0;0;170;255;57;0;0;0;0;0;0;0;0;0;0;0;0;0;0;0;0;0;0;0;0;0;0;0;0;0;226;226;0;0;0;0;0;0;0;0;0;0;0;0;0;0;0;0;0;0;0;0;0;0;0;0;0;57;255;114;0;0;0;0;0;0;0;0;0;0;0;0;0;0;0;0;0;0;0;0;0;0;0;0;0;114;255;86;0;0;0;0;0;0;0;0;0;0;0;0;0;0;0;0;0;0;0;0;0;0;0;0;0;170;226;29;0;0;0;0;0;0;0;0;0;0;0;0;0;0;0;0;0;0;0;0;0;0;0;0;0;0;0;0;0;0;0;0;0;0;0;0;0;0;0;0;0;0;0;0;0;0;0;0;0;0;0;0;0;0;0;0;0;0;0;0;0;0;0;0;0;0;0;0
4;0;0;0;0;0;0;0;0;0;0;0;0;0;0;0;0;0;0;0;0;0;0;0;0;0;0;0;0;0;0;0;0;0;0;0;0;0;0;0;0;0;0;0;0;0;0;0;0;0;0;0;0;0;0;0;0;0;0;0;0;0;0;0;0;0;0;0;0;0;0;0;0;0;0;0;0;0;0;0;0;0;0;0;0;0;0;0;0;0;0;0;0;0;0;0;0;0;0;0;0;0;0;0;0;0;0;0;0;0;0;0;0;0;0;0;0;0;0;0;0;0;0;0;0;0;0;0;0;0;0;0;0;0;0;0;0;0;0;0;0;0;0;0;0;0;0;0;0;0;0;0;0;0;0;0;0;0;0;0;0;0;0;46;7;0;0;0;0;0;0;0;0;0;0;0;0;0;0;0;0;0;0;0;0;0;0;0;0;0;15;250;130;0;0;0;0;0;0;0;0;0;0;0;0;0;0;0;0;0;0;0;0;0;0;0;0;0;117;253;209;0;0;0;0;0;0;0;0;0;0;0;0;0;0;0;0;0;0;0;0;0;0;0;0;18;204;253;143;0;0;0;0;0;0;0;0;0;0;0;0;0;0;135;218;7;0;0;0;0;0;0;4;127;254;226;62;0;0;0;0;0;0;0;0;0;0;0;0;0;0;91;253;104;0;0;0;0;0;0;39;240;253;117;0;0;0;0;0;0;0;0;0;0;0;0;0;0;0;95;253;104;0;0;0;0;0;5;201;253;204;4;0;0;0;0;0;0;0;0;0;0;0;0;0;0;9;222;253;82;0;0;0;0;0;124;254;253;15;0;0;0;0;0;0;0;0;0;0;0;0;0;0;0;136;248;196;7;0;0;0;0;84;250;254;134;2;0;0;0;0;0;0;0;0;0;0;0;0;0;15;162;255;254;196;7;0;4;131;157;236;254;172;14;0;0;0;0;0;0;0;0;0;0;0;0;0;44;190;253;247;193;250;219;209;215;253;253;253;196;14;0;0;0;0;0;0;0;0;0;0;0;0;7;95;244;253;218;79;0;67;163;163;218;253;253;233;46;0;0;0;0;0;0;0;0;0;0;0;0;0;197;253;250;116;7;0;0;0;0;0;179;253;246;49;0;0;0;0;0;0;0;0;0;0;0;0;0;0;210;213;58;0;0;0;0;0;0;23;254;253;107;0;0;0;0;0;0;0;0;0;0;0;0;0;0;0;0;0;0;0;0;0;0;0;0;115;255;172;5;0;0;0;0;0;0;0;0;0;0;0;0;0;0;0;0;0;0;0;0;0;0;0;99;248;220;21;0;0;0;0;0;0;0;0;0;0;0;0;0;0;0;0;0;0;0;0;0;0;0;0;60;216;31;0;0;0;0;0;0;0;0;0;0;0;0;0;0;0;0;0;0;0;0;0;0;0;0;0;18;35;0;0;0;0;0;0;0;0;0;0;0;0;0;0;0;0;0;0;0;0;0;0;0;0;0;0;0;0;0;0;0;0;0;0;0;0;0;0;0;0;0;0;0;0;0;0;0;0;0;0;0;0;0;0;0;0;0;0;0;0;0;0;0;0;0;0;0;0;0;0;0;0;0;0;0;0;0;0;0;0;0;0;0;0;0;0;0;0;0;0;0;0;0;0;0;0;0;0;0;0;0;0;0;0;0;0;0;0;0;0;0;0;0;0;0;0;0;0;0;0;0;0;0;0;0;0;0;0;0;0;0;0;0;0;0;0;0;0;0;0;0;0;0;0;0;0;0;0;0;0;0;0;0;0
4;0;0;0;0;0;0;0;0;0;0;0;0;0;0;0;0;0;0;0;0;0;0;0;0;0;0;0;0;0;0;0;0;0;0;0;0;0;0;0;0;0;0;0;0;0;0;0;0;0;0;0;0;0;0;0;0;0;0;0;0;0;0;0;0;0;0;0;0;0;0;0;0;0;0;0;0;0;0;0;0;0;0;0;0;0;0;0;0;0;0;0;0;0;0;0;0;0;0;0;0;0;0;0;0;0;0;0;0;0;0;0;0;0;0;0;0;0;0;0;0;0;0;0;0;0;0;0;0;0;0;0;0;0;0;0;0;0;0;0;0;0;0;0;0;0;0;0;0;0;0;0;0;0;0;0;0;0;0;0;0;0;0;0;0;0;0;0;0;0;0;0;0;0;0;0;0;0;0;255;255;191;0;0;0;0;0;0;0;0;0;0;0;0;0;0;0;0;0;0;0;0;0;0;0;0;64;255;255;191;0;0;0;0;0;128;255;64;0;0;0;0;0;0;0;0;0;0;0;0;0;0;0;128;255;255;191;0;0;0;0;0;0;128;255;255;0;0;0;0;0;0;0;0;0;0;0;0;0;0;0;255;255;191;0;0;0;0;0;0;0;128;255;255;0;0;0;0;0;0;0;0;0;0;0;0;0;0;191;255;255;64;0;0;0;0;0;0;0;255;255;255;0;0;0;0;0;0;0;0;0;0;0;0;0;0;255;255;255;0;0;0;0;0;0;0;0;255;255;128;0;0;0;0;0;0;0;0;0;0;0;0;0;0;255;255;255;0;0;0;0;0;0;0;128;255;255;128;0;0;0;0;0;0;0;0;0;0;0;0;0;0;255;255;255;64;0;0;0;0;0;0;128;255;255;128;0;0;0;0;0;0;0;0;0;0;0;0;0;0;255;255;255;255;191;128;128;64;0;128;255;255;255;128;0;0;0;0;0;0;0;0;0;0;0;0;0;0;0;191;255;255;255;255;255;255;255;255;255;255;255;64;0;0;0;0;0;0;0;0;0;0;0;0;0;0;0;0;128;255;255;255;255;255;255;255;255;255;191;0;0;0;0;0;0;0;0;0;0;0;0;0;0;0;0;0;0;0;0;0;0;0;64;255;255;255;0;0;0;0;0;0;0;0;0;0;0;0;0;0;0;0;0;0;0;0;0;0;0;0;0;255;255;255;0;0;0;0;0;0;0;0;0;0;0;0;0;0;0;0;0;0;0;0;0;0;0;0;128;255;255;128;0;0;0;0;0;0;0;0;0;0;0;0;0;0;0;0;0;0;0;0;0;0;0;0;255;255;255;128;0;0;0;0;0;0;0;0;0;0;0;0;0;0;0;0;0;0;0;0;0;0;0;128;255;255;255;0;0;0;0;0;0;0;0;0;0;0;0;0;0;0;0;0;0;0;0;0;0;0;0;128;255;255;128;0;0;0;0;0;0;0;0;0;0;0;0;0;0;0;0;0;0;0;0;0;0;0;0;128;255;255;128;0;0;0;0;0;0;0;0;0;0;0;0;0;0;0;0;0;0;0;0;0;0;0;0;191;255;255;64;0;0;0;0;0;0;0;0;0;0;0;0;0;0;0;0;0;0;0;0;0;0;0;0;255;255;64;0;0;0;0;0;0;0;0;0;0;0;0;0;0;0;0;0;0;0;0;0;0;0;0;0;0;0;0;0;0;0;0;0;0;0;0;0;0;0;0;0;0;0;0;0;0;0;0;0;0;0;0;0;0;0;0;0;0;0;0;0;0;0;0;0;0;0
4;0;0;0;0;0;0;0;0;0;0;0;0;0;0;0;0;0;0;0;0;0;0;0;0;0;0;0;0;0;0;0;0;0;0;0;0;0;0;0;0;0;0;0;0;0;0;0;0;0;0;0;0;0;0;0;0;0;0;0;0;0;0;0;0;0;0;0;0;0;0;0;0;0;0;0;0;0;0;0;0;0;0;0;0;0;0;0;0;0;0;0;0;0;0;0;0;0;0;0;0;0;0;0;0;0;0;0;0;0;0;0;0;0;0;0;0;0;0;0;0;0;0;0;0;0;0;0;0;0;0;0;83;254;60;0;0;0;0;0;0;0;0;0;0;0;0;0;0;0;0;0;0;0;0;0;0;0;0;9;208;253;159;0;0;0;0;0;0;0;0;0;0;0;0;0;0;0;0;0;0;0;0;0;0;0;0;89;253;253;127;0;0;0;0;0;0;0;0;0;0;0;0;0;0;0;0;0;0;0;0;0;0;0;0;138;253;219;25;0;0;0;0;0;0;0;0;0;0;0;0;0;0;0;0;0;132;69;0;0;0;0;0;198;254;161;0;0;0;0;0;0;0;0;0;0;0;0;0;0;0;0;0;26;232;245;17;0;0;0;55;243;253;77;0;0;0;0;0;0;0;0;0;0;0;0;0;0;0;0;0;97;253;253;51;0;0;0;170;253;242;38;0;0;0;0;0;0;0;0;0;0;0;0;0;0;0;0;85;247;253;219;0;0;0;34;254;253;162;0;0;0;0;0;0;0;0;0;0;0;0;0;0;0;0;26;221;254;254;228;0;0;0;151;254;254;138;0;0;0;0;0;0;0;0;0;0;0;0;0;0;0;81;214;254;253;244;86;47;47;55;222;254;253;54;0;0;0;5;13;0;0;0;0;0;0;0;0;32;166;245;253;254;253;253;253;254;253;253;253;254;253;173;149;208;207;212;77;0;0;0;0;0;0;0;0;136;253;253;253;254;253;253;253;254;253;253;253;254;253;253;253;254;253;253;128;0;0;0;0;0;0;0;0;104;254;254;254;185;184;184;184;185;248;254;254;210;184;210;184;185;134;51;0;0;0;0;0;0;0;0;0;7;140;73;23;0;0;0;0;38;243;253;253;42;0;9;0;0;0;0;0;0;0;0;0;0;0;0;0;0;0;0;0;0;0;0;0;120;253;253;168;0;0;0;0;0;0;0;0;0;0;0;0;0;0;0;0;0;0;0;0;0;0;0;34;254;253;253;69;0;0;0;0;0;0;0;0;0;0;0;0;0;0;0;0;0;0;0;0;0;0;49;254;255;254;146;0;0;0;0;0;0;0;0;0;0;0;0;0;0;0;0;0;0;0;0;0;0;0;116;253;254;244;38;0;0;0;0;0;0;0;0;0;0;0;0;0;0;0;0;0;0;0;0;0;0;0;74;253;254;156;0;0;0;0;0;0;0;0;0;0;0;0;0;0;0;0;0;0;0;0;0;0;0;0;57;253;203;6;0;0;0;0;0;0;0;0;0;0;0;0;0;0;0;0;0;0;0;0;0;0;0;0;0;0;0;0;0;0;0;0;0;0;0;0;0;0;0;0;0;0;0;0;0;0;0;0;0;0;0;0;0;0;0;0;0;0;0;0;0;0;0;0;0;0;0;0;0;0;0;0;0;0;0;0;0;0;0;0;0;0;0;0;0;0;0;0;0;0;0;0;0;0;0;0;0;0;0;0;0;0;0;0;0;0;0;0;0;0;0;0;0;0;0;0;0;0;0;0;0;0;0;0;0
9;0;0;0;0;0;0;0;0;0;0;0;0;0;0;0;0;0;0;0;0;0;0;0;0;0;0;0;0;0;0;0;0;0;0;0;0;0;0;0;0;0;0;0;0;0;0;0;0;0;0;0;0;0;0;0;0;0;0;0;0;0;0;0;0;0;0;0;0;0;0;0;0;0;0;0;0;0;0;0;0;0;0;0;0;0;0;0;0;0;0;0;0;0;0;0;0;0;0;0;0;0;0;0;0;0;0;0;0;0;0;0;0;0;0;0;0;0;0;0;0;0;0;0;0;0;0;0;0;0;0;0;0;0;0;0;0;0;0;0;0;0;0;0;0;0;0;0;0;0;0;0;0;0;0;0;0;0;0;0;0;0;0;0;0;0;0;0;0;0;0;0;0;0;0;0;0;0;0;0;1;82;238;255;239;171;153;41;0;0;0;0;0;0;0;0;0;0;0;0;0;0;0;0;0;0;0;10;138;254;254;254;254;254;254;195;0;0;0;0;0;0;0;0;0;0;0;0;0;0;0;0;0;0;2;119;254;241;158;158;158;104;233;237;18;0;0;0;0;0;0;0;0;0;0;0;0;0;0;0;0;0;54;254;252;124;0;0;0;0;33;209;67;7;0;0;0;0;0;0;0;0;0;0;0;0;0;0;0;0;138;254;224;0;0;0;0;0;0;115;254;165;0;0;0;0;0;0;0;0;0;0;0;0;0;0;0;0;188;254;197;0;0;0;0;0;32;217;254;187;0;0;0;0;0;0;0;0;0;0;0;0;0;0;0;0;150;254;228;7;0;0;31;129;227;254;246;84;0;0;0;0;0;0;0;0;0;0;0;0;0;0;0;0;67;254;254;200;184;200;227;254;254;227;49;0;0;0;0;0;0;0;0;0;0;0;0;0;0;0;0;0;5;121;233;254;254;247;223;254;254;89;0;0;0;0;0;0;0;0;0;0;0;0;0;0;0;0;0;0;0;0;21;46;46;38;155;254;209;6;0;0;0;0;0;0;0;0;0;0;0;0;0;0;0;0;0;0;0;0;0;0;0;51;247;254;115;0;0;0;0;0;0;0;0;0;0;0;0;0;0;0;0;0;0;0;0;0;0;0;0;169;254;211;5;0;0;0;0;0;0;0;0;0;0;0;0;0;0;0;0;0;0;0;0;0;0;0;33;248;254;131;0;0;0;0;0;0;0;0;0;0;0;0;0;0;0;0;0;0;0;0;0;0;0;0;57;254;228;26;0;0;0;0;0;0;0;0;0;0;0;0;0;0;0;0;0;0;0;0;0;0;0;0;141;254;187;0;0;0;0;0;0;0;0;0;0;0;0;0;0;0;0;0;0;0;0;0;0;0;0;31;250;254;103;0;0;0;0;0;0;0;0;0;0;0;0;0;0;0;0;0;0;0;0;0;0;0;0;57;254;228;17;0;0;0;0;0;0;0;0;0;0;0;0;0;0;0;0;0;0;0;0;0;0;0;9;212;254;212;0;0;0;0;0;0;0;0;0;0;0;0;0;0;0;0;0;0;0;0;0;0;0;0;30;254;254;186;0;0;0;0;0;0;0;0;0;0;0;0;0;0;0;0;0;0;0;0;0;0;0;0;57;254;201;17;0;0;0;0;0;0;0;0;0;0;0;0;0;0;0;0;0;0;0;0;0;0;0;0;0;0;0;0;0;0;0;0;0;0;0;0;0;0;0;0;0;0;0;0;0;0;0;0;0;0;0;0;0;0;0;0;0;0;0;0;0;0;0;0;0;0;0;0;0
9;0;0;0;0;0;0;0;0;0;0;0;0;0;0;0;0;0;0;0;0;0;0;0;0;0;0;0;0;0;0;0;0;0;0;0;0;0;0;0;0;0;0;0;0;0;0;0;0;0;0;0;0;0;0;0;0;0;0;0;0;0;0;0;0;0;0;0;0;0;0;0;0;0;0;0;0;0;0;0;0;0;0;0;0;0;0;0;0;0;0;0;0;0;0;0;0;0;0;0;0;0;0;0;0;0;0;0;0;0;0;0;0;0;0;0;0;0;0;0;0;0;0;0;0;0;0;0;0;0;0;0;0;0;0;0;0;0;0;0;0;0;0;0;0;0;0;0;0;0;0;0;0;0;0;0;0;0;0;0;0;0;0;0;0;0;0;0;0;0;0;0;0;0;0;0;0;0;0;5;105;254;255;254;87;0;0;0;0;0;0;0;0;0;0;0;0;0;0;0;0;0;0;0;0;0;0;127;252;134;68;165;216;7;0;0;0;0;0;0;0;0;0;0;0;0;0;0;0;0;0;0;0;0;57;252;163;0;0;133;254;16;0;0;0;0;0;0;0;0;0;0;0;0;0;0;0;0;0;0;0;0;155;209;14;0;0;133;254;16;0;0;0;0;0;0;0;0;0;0;0;0;0;0;0;0;0;0;0;0;234;169;0;0;0;133;254;35;0;0;0;0;0;0;0;0;0;0;0;0;0;0;0;0;0;0;0;57;252;95;0;0;0;133;254;97;0;0;0;0;0;0;0;0;0;0;0;0;0;0;0;0;0;0;0;61;254;141;0;0;42;199;254;18;0;0;0;0;0;0;0;0;0;0;0;0;0;0;0;0;0;0;0;19;204;228;152;178;238;254;254;16;0;0;0;0;0;0;0;0;0;0;0;0;0;0;0;0;0;0;0;0;42;197;225;225;187;228;254;16;0;0;0;0;0;0;0;0;0;0;0;0;0;0;0;0;0;0;0;0;0;0;0;0;0;133;254;16;0;0;0;0;0;0;0;0;0;0;0;0;0;0;0;0;0;0;0;0;0;0;0;0;0;133;254;58;0;0;0;0;0;0;0;0;0;0;0;0;0;0;0;0;0;0;0;0;0;0;0;0;0;133;254;97;0;0;0;0;0;0;0;0;0;0;0;0;0;0;0;0;0;0;0;0;0;0;0;0;0;84;254;97;0;0;0;0;0;0;0;0;0;0;0;0;0;0;0;0;0;0;0;0;0;0;0;0;0;51;253;125;0;0;0;0;0;0;0;0;0;0;0;0;0;0;0;0;0;0;0;0;0;0;0;0;0;0;194;177;0;0;0;0;0;0;0;0;0;0;0;0;0;0;0;0;0;0;0;0;0;0;0;0;0;0;145;236;56;142;0;0;0;0;0;0;0;0;0;0;0;0;0;0;0;0;0;0;0;0;0;0;0;0;145;254;213;114;0;0;0;0;0;0;0;0;0;0;0;0;0;0;0;0;0;0;0;0;0;0;0;0;145;254;229;11;0;0;0;0;0;0;0;0;0;0;0;0;0;0;0;0;0;0;0;0;0;0;0;0;145;254;118;0;0;0;0;0;0;0;0;0;0;0;0;0;0;0;0;0;0;0;0;0;0;0;0;0;120;254;59;0;0;0;0;0;0;0;0;0;0;0;0;0;0;0;0;0;0;0;0;0;0;0;0;0;0;0;0;0;0;0;0;0;0;0;0;0;0;0;0;0;0;0;0;0;0;0;0;0;0;0;0;0;0;0;0;0;0;0;0;0;0;0;0;0;0
9;0;0;0;0;0;0;0;0;0;0;0;0;0;0;0;0;0;0;0;0;0;0;0;0;0;0;0;0;0;0;0;0;0;0;0;0;0;0;0;0;0;0;0;0;0;0;0;0;0;0;0;0;0;0;0;0;0;0;0;0;0;0;0;0;0;0;0;0;0;0;0;0;0;0;0;0;0;0;0;0;0;0;0;0;0;0;0;0;0;0;0;0;0;0;0;0;0;0;0;0;0;0;0;0;0;0;0;0;0;0;0;0;0;0;0;0;0;0;0;0;0;0;0;0;0;0;0;0;0;0;0;0;0;0;0;0;0;0;0;0;0;0;0;0;0;0;0;0;0;0;0;0;0;0;0;0;0;0;0;0;0;0;0;0;0;0;0;0;0;0;0;0;0;0;0;0;0;0;0;0;0;0;0;0;0;0;0;0;0;0;0;0;0;0;0;0;0;0;0;0;0;0;0;0;0;0;21;125;23;64;163;189;150;37;0;0;0;0;0;0;0;0;0;0;0;0;0;0;0;0;0;0;0;0;189;253;238;249;253;254;253;127;0;0;114;30;0;0;0;0;0;0;0;0;0;0;0;0;0;0;3;69;241;253;176;94;127;127;244;171;3;133;254;186;0;0;0;0;0;0;0;0;0;0;0;0;0;0;64;253;254;164;8;0;0;0;164;219;132;253;254;192;0;0;0;0;0;0;0;0;0;0;0;0;0;14;218;253;195;12;0;0;0;0;113;253;253;253;228;37;0;0;0;0;0;0;0;0;0;0;0;0;0;37;254;254;0;0;0;0;0;131;215;254;254;228;66;0;0;0;0;0;0;0;0;0;0;0;0;0;0;37;253;253;0;0;47;35;152;254;253;253;249;95;0;0;0;0;0;0;0;0;0;0;0;0;0;0;0;32;245;253;218;185;248;240;253;254;253;253;143;0;0;0;0;0;0;0;0;0;0;0;0;0;0;0;0;0;199;253;254;246;179;119;100;254;253;185;12;0;0;0;0;0;0;0;0;0;0;0;0;0;0;0;0;0;96;227;163;53;11;0;181;254;233;81;0;0;0;0;0;0;0;0;0;0;0;0;0;0;0;0;0;0;0;0;0;0;0;45;254;255;83;0;0;0;0;0;0;0;0;0;0;0;0;0;0;0;0;0;0;0;0;0;0;0;0;193;253;212;8;0;0;0;0;0;0;0;0;0;0;0;0;0;0;0;0;0;0;0;0;0;0;0;90;245;240;58;0;0;0;0;0;0;0;0;0;0;0;0;0;0;0;0;0;0;0;0;0;0;0;20;230;253;162;0;0;0;0;0;0;0;0;0;0;0;0;0;0;0;0;0;0;0;0;0;0;0;0;72;243;253;129;0;0;0;0;0;0;0;0;0;0;0;0;0;0;0;0;0;0;0;0;0;0;0;0;145;254;216;26;0;0;0;0;0;0;0;0;0;0;0;0;0;0;0;0;0;0;0;0;0;0;0;16;233;253;93;0;0;0;0;0;0;0;0;0;0;0;0;0;0;0;0;0;0;0;0;0;0;0;0;119;253;221;27;0;0;0;0;0;0;0;0;0;0;0;0;0;0;0;0;0;0;0;0;0;0;0;0;156;253;127;0;0;0;0;0;0;0;0;0;0;0;0;0;0;0;0;0;0;0;0;0;0;0;0;0;21;188;81;0;0;0;0;0;0;0;0;0;0;0;0;0;0;0;0;0;0;0;0;0;0;0;0;0;0;0;0;0;0;0;0;0;0;0;0;0;0;0;0;0;0;0
9;0;0;0;0;0;0;0;0;0;0;0;0;0;0;0;0;0;0;0;0;0;0;0;0;0;0;0;0;0;0;0;0;0;0;0;0;0;0;0;0;0;0;0;0;0;0;0;0;0;0;0;0;0;0;0;0;0;0;0;0;0;0;0;0;0;0;0;0;0;0;0;0;0;0;0;0;0;0;0;0;0;0;0;0;0;0;0;0;0;0;0;0;0;0;0;0;0;0;0;0;0;0;0;0;0;0;0;0;0;0;0;0;0;0;0;0;0;0;0;0;0;0;0;0;0;0;0;0;0;0;0;0;0;0;0;0;0;0;0;0;0;0;0;0;0;0;0;0;0;0;0;0;0;0;0;0;0;0;0;0;0;0;0;0;0;0;0;0;0;0;0;0;0;0;0;0;0;0;0;0;0;0;0;0;0;0;0;0;0;0;0;0;0;0;0;0;0;0;0;0;0;0;0;0;0;0;0;0;29;122;196;254;255;187;106;0;0;0;0;0;0;0;0;0;0;0;0;0;0;0;0;0;0;0;5;105;241;254;252;196;224;253;254;72;0;0;0;0;0;0;0;0;0;0;0;0;0;0;0;0;0;10;162;254;247;99;47;0;0;109;244;245;73;0;0;0;0;0;0;0;0;0;0;0;0;0;0;0;8;184;254;180;36;0;0;0;0;0;212;254;169;0;0;0;0;0;0;0;0;0;0;0;0;0;0;0;130;254;183;10;0;0;0;0;0;0;114;254;149;0;0;0;0;0;0;0;0;0;0;0;0;0;0;13;231;236;36;0;0;0;0;0;0;0;72;248;43;0;0;0;0;0;0;0;0;0;0;0;0;0;0;116;254;145;0;0;0;0;0;0;0;0;137;226;33;0;0;0;0;0;0;0;0;0;0;0;0;0;0;134;254;163;124;57;77;10;42;81;128;194;245;254;119;0;0;0;0;0;0;0;0;0;0;0;0;0;0;22;222;254;254;254;254;243;222;202;155;174;254;218;13;0;0;0;0;0;0;0;0;0;0;0;0;0;0;0;12;74;113;113;105;42;0;0;0;178;254;83;0;0;0;0;0;0;0;0;0;0;0;0;0;0;0;0;0;0;0;0;0;0;0;0;73;251;243;0;0;0;0;0;0;0;0;0;0;0;0;0;0;0;0;0;0;0;0;0;0;0;0;1;174;254;155;0;0;0;0;0;0;0;0;0;0;0;0;0;0;0;0;0;0;0;0;0;0;0;0;70;254;240;21;0;0;0;0;0;0;0;0;0;0;0;0;0;0;0;0;0;0;0;0;0;0;0;0;140;254;112;0;0;0;0;0;0;0;0;0;0;0;0;0;0;0;0;0;0;0;0;0;0;0;0;24;242;254;45;0;0;0;0;0;0;0;0;0;0;0;0;0;0;0;0;0;0;0;0;0;0;0;0;94;254;166;0;0;0;0;0;0;0;0;0;0;0;0;0;0;0;0;0;0;0;0;0;0;0;0;0;219;254;104;0;0;0;0;0;0;0;0;0;0;0;0;0;0;0;0;0;0;0;0;0;0;0;0;36;254;227;13;0;0;0;0;0;0;0;0;0;0;0;0;0;0;0;0;0;0;0;0;0;0;0;0;119;255;220;16;0;0;0;0;0;0;0;0;0;0;0;0;0;0;0;0;0;0;0;0;0;0;0;0;83;255;161;0;0;0;0;0;0;0;0;0;0;0;0;0;0;0;0;0;0;0;0;0;0;0;0;0;0;0;0;0;0;0;0;0;0;0;0;0;0;0;0
4;0;0;0;0;0;0;0;0;0;0;0;0;0;0;0;0;0;0;0;0;0;0;0;0;0;0;0;0;0;0;0;0;0;0;0;0;0;0;0;0;0;0;0;0;0;0;0;0;0;0;0;0;0;0;0;0;0;0;0;0;0;0;0;0;0;0;0;0;0;0;0;0;0;0;0;0;0;0;0;0;0;0;0;0;0;0;0;0;0;0;0;0;0;0;0;0;0;0;0;0;0;0;0;0;0;0;0;0;0;0;0;0;0;0;0;0;0;0;0;0;0;0;0;0;0;0;0;0;0;0;0;0;0;0;0;0;0;0;0;0;0;0;0;0;0;0;0;0;0;0;4;195;159;0;0;0;0;0;0;0;0;0;0;0;0;0;0;0;0;0;0;0;0;0;0;0;0;0;35;254;52;0;0;0;0;15;54;12;0;0;0;0;0;0;0;0;0;0;0;0;0;0;0;0;0;0;128;199;2;0;0;0;0;185;247;39;0;0;0;0;0;0;0;0;0;0;0;0;0;0;0;0;0;6;235;193;0;0;0;0;0;221;159;0;0;0;0;0;0;0;0;0;0;0;0;0;0;0;0;0;0;8;254;131;0;0;0;0;10;228;120;0;0;0;0;0;0;0;0;0;0;0;0;0;0;0;0;0;0;58;243;34;0;0;0;0;42;254;81;0;0;0;0;0;0;0;0;0;0;0;0;0;0;0;0;0;0;193;210;0;0;0;0;0;76;254;7;0;0;0;0;0;0;0;0;0;0;0;0;0;0;0;0;0;0;236;127;0;0;0;0;0;136;254;7;0;0;0;0;0;0;0;0;0;0;0;0;0;0;0;0;0;55;253;68;0;0;0;0;0;194;231;5;0;0;0;0;0;0;0;0;0;0;0;0;0;0;0;0;0;58;251;38;0;0;0;0;3;203;151;0;0;0;0;0;0;0;0;0;0;0;0;0;0;0;0;0;0;58;253;128;65;115;141;206;219;254;110;0;0;0;0;0;0;0;0;0;0;0;0;0;0;0;0;0;0;3;200;254;251;239;205;143;75;254;60;0;0;0;0;0;0;0;0;0;0;0;0;0;0;0;0;0;0;0;2;61;46;0;0;0;28;254;34;0;0;0;0;0;0;0;0;0;0;0;0;0;0;0;0;0;0;0;0;0;0;0;0;0;135;254;34;0;0;0;0;0;0;0;0;0;0;0;0;0;0;0;0;0;0;0;0;0;0;0;0;0;173;208;1;0;0;0;0;0;0;0;0;0;0;0;0;0;0;0;0;0;0;0;0;0;0;0;0;32;249;78;0;0;0;0;0;0;0;0;0;0;0;0;0;0;0;0;0;0;0;0;0;0;0;0;0;65;254;61;0;0;0;0;0;0;0;0;0;0;0;0;0;0;0;0;0;0;0;0;0;0;0;0;0;65;254;61;0;0;0;0;0;0;0;0;0;0;0;0;0;0;0;0;0;0;0;0;0;0;0;0;0;65;254;91;0;0;0;0;0;0;0;0;0;0;0;0;0;0;0;0;0;0;0;0;0;0;0;0;0;27;225;167;0;0;0;0;0;0;0;0;0;0;0;0;0;0;0;0;0;0;0;0;0;0;0;0;0;0;0;0;0;0;0;0;0;0;0;0;0;0;0;0;0;0;0;0;0;0;0;0;0;0;0;0;0;0;0;0;0;0;0;0;0;0;0;0;0;0;0;0;0;0;0;0;0;0;0;0;0;0;0;0;0;0;0;0;0;0;0;0;0;0;0;0;0;0;0
9;0;0;0;0;0;0;0;0;0;0;0;0;0;0;0;0;0;0;0;0;0;0;0;0;0;0;0;0;0;0;0;0;0;0;0;0;0;0;0;0;0;0;0;0;0;0;0;0;0;0;0;0;0;0;0;0;0;0;0;0;0;0;0;0;0;0;0;0;0;0;0;0;0;0;0;0;0;0;0;0;0;0;0;0;0;0;0;0;0;0;0;0;0;0;0;0;0;0;0;0;0;0;0;0;0;0;0;0;0;0;0;0;0;0;0;0;0;0;0;0;0;0;0;0;0;0;0;0;0;0;0;0;0;0;0;0;0;0;0;0;0;0;0;0;0;0;0;0;0;0;0;0;0;0;0;0;0;0;0;0;0;0;0;0;0;0;0;0;0;0;0;0;0;0;0;0;0;0;0;0;0;0;0;0;0;0;0;0;0;0;0;0;0;0;0;0;0;0;0;0;0;0;0;0;0;0;0;0;0;59;143;254;253;253;76;106;230;146;0;0;0;0;0;0;0;0;0;0;0;0;0;0;0;0;0;0;60;233;252;253;252;252;219;252;252;246;43;0;0;0;0;0;0;0;0;0;0;0;0;0;0;0;79;200;236;252;252;197;222;252;252;252;252;150;0;0;0;0;0;0;0;0;0;0;0;0;0;0;70;204;250;252;239;196;92;137;216;252;252;252;252;74;0;0;0;0;0;0;0;0;0;0;0;0;0;22;206;252;252;252;151;165;241;253;252;252;252;252;123;8;0;0;0;0;0;0;0;0;0;0;0;0;0;186;252;252;252;252;252;252;252;253;252;252;252;252;55;0;0;0;0;0;0;0;0;0;0;0;0;0;0;200;241;241;241;241;241;208;131;71;186;252;251;145;5;0;0;0;0;0;0;0;0;0;0;0;0;0;0;0;0;0;0;0;0;0;0;53;252;252;230;0;0;0;0;0;0;0;0;0;0;0;0;0;0;0;0;0;0;0;0;0;0;0;0;225;252;252;148;0;0;0;0;0;0;0;0;0;0;0;0;0;0;0;0;0;0;0;0;0;0;0;49;253;252;209;20;0;0;0;0;0;0;0;0;0;0;0;0;0;0;0;0;0;0;0;0;0;0;11;177;255;253;139;0;0;0;0;0;0;0;0;0;0;0;0;0;0;0;0;0;0;0;0;0;0;0;78;252;253;235;32;0;0;0;0;0;0;0;0;0;0;0;0;0;0;0;0;0;0;0;0;0;0;18;194;252;253;95;0;0;0;0;0;0;0;0;0;0;0;0;0;0;0;0;0;0;0;0;0;0;0;150;252;252;226;37;0;0;0;0;0;0;0;0;0;0;0;0;0;0;0;0;0;0;0;0;0;0;32;218;252;252;39;0;0;0;0;0;0;0;0;0;0;0;0;0;0;0;0;0;0;0;0;0;0;0;208;252;252;214;0;0;0;0;0;0;0;0;0;0;0;0;0;0;0;0;0;0;0;0;0;0;0;0;231;252;215;26;0;0;0;0;0;0;0;0;0;0;0;0;0;0;0;0;0;0;0;0;0;0;0;74;244;252;156;0;0;0;0;0;0;0;0;0;0;0;0;0;0;0;0;0;0;0;0;0;0;0;41;238;252;239;46;0;0;0;0;0;0;0;0;0;0;0;0;0;0;0;0;0;0;0;0;0;0;0;7;157;252;113;0;0;0;0;0;0;0;0;0;0;0;0;0;0;0;0;0;0;0;0;0;0;0;0;0;0;0;0;0;0;0;0;0;0;0;0;0;0;0;0;0;0;0
9;0;0;0;0;0;0;0;0;0;0;0;0;0;0;0;0;0;0;0;0;0;0;0;0;0;0;0;0;0;0;0;0;0;0;0;0;0;0;0;0;0;0;0;0;0;0;0;0;0;0;0;0;0;0;0;0;0;0;0;0;0;0;0;0;0;0;0;0;0;0;0;0;0;0;0;0;0;0;0;0;0;0;0;0;0;0;0;0;0;0;0;0;0;0;0;0;0;0;0;0;0;0;0;0;0;0;0;0;0;0;0;0;0;0;0;0;0;0;0;0;0;0;0;0;0;0;0;0;0;0;0;0;0;0;0;0;0;0;0;0;0;0;0;0;0;0;0;0;0;0;0;0;0;0;0;0;0;0;0;0;0;0;0;0;0;0;0;0;0;0;0;0;0;0;0;0;0;0;0;0;0;0;0;62;176;254;254;228;38;0;0;0;0;0;0;0;0;0;0;0;0;0;0;0;0;0;0;0;4;87;204;245;253;171;140;254;192;0;0;0;0;0;0;0;0;0;0;0;0;0;0;0;0;0;21;128;220;253;230;164;114;24;37;254;245;186;0;0;0;0;0;0;0;0;0;0;0;0;0;0;14;135;230;253;238;112;20;0;0;141;253;254;253;229;20;0;0;0;0;0;0;0;0;0;0;0;0;46;232;254;253;162;41;0;0;0;0;38;227;254;253;216;0;0;0;0;0;0;0;0;0;0;0;0;50;234;254;234;78;0;0;0;0;0;0;0;92;255;254;159;0;0;0;0;0;0;0;0;0;0;0;32;231;253;233;13;0;0;0;0;0;0;0;30;216;254;221;22;0;0;0;0;0;0;0;0;0;0;0;68;253;237;23;0;0;0;0;0;0;0;77;213;253;243;73;0;0;0;0;0;0;0;0;0;0;0;0;145;253;235;0;0;0;0;0;7;19;154;245;253;253;142;0;0;0;0;0;0;0;0;0;0;0;0;0;113;253;241;91;92;7;79;98;207;254;253;253;253;188;26;0;0;0;0;0;0;0;0;0;0;0;0;0;40;217;254;254;255;254;254;196;181;92;184;254;242;26;0;0;0;0;0;0;0;0;0;0;0;0;0;0;0;22;108;108;173;89;18;4;0;62;239;253;130;0;0;0;0;0;0;0;0;0;0;0;0;0;0;0;0;0;0;0;0;0;0;0;0;176;253;208;8;0;0;0;0;0;0;0;0;0;0;0;0;0;0;0;0;0;0;0;0;0;0;0;111;254;253;88;0;0;0;0;0;0;0;0;0;0;0;0;0;0;0;0;0;0;0;0;0;0;0;46;232;254;181;11;0;0;0;0;0;0;0;0;0;0;0;0;0;0;0;0;0;0;0;0;0;0;0;200;254;255;50;0;0;0;0;0;0;0;0;0;0;0;0;0;0;0;0;0;0;0;0;0;0;0;54;249;253;134;2;0;0;0;0;0;0;0;0;0;0;0;0;0;0;0;0;0;0;0;0;0;0;0;172;253;253;46;0;0;0;0;0;0;0;0;0;0;0;0;0;0;0;0;0;0;0;0;0;0;0;0;217;253;181;0;0;0;0;0;0;0;0;0;0;0;0;0;0;0;0;0;0;0;0;0;0;0;0;0;217;253;129;0;0;0;0;0;0;0;0;0;0;0;0;0;0;0;0;0;0;0;0;0;0;0;0;0;0;0;0;0;0;0;0;0;0;0;0;0;0;0;0;0;0;0;0;0;0;0;0;0;0;0;0;0;0;0;0;0;0;0;0;0;0;0;0;0;0;0;0;0;0
9;0;0;0;0;0;0;0;0;0;0;0;0;0;0;0;0;0;0;0;0;0;0;0;0;0;0;0;0;0;0;0;0;0;0;0;0;0;0;0;0;0;0;0;0;0;0;0;0;0;0;0;0;0;0;0;0;0;0;0;0;0;0;0;0;0;0;0;0;0;0;0;0;0;0;0;0;0;0;0;0;0;0;0;0;0;0;0;0;0;0;0;0;0;0;0;0;0;0;0;0;0;0;0;0;0;0;0;0;0;0;0;0;0;0;0;0;0;0;0;0;0;0;0;0;0;0;0;0;0;0;0;0;0;0;0;0;0;0;0;0;0;0;0;0;0;0;0;0;0;0;0;0;0;0;0;0;0;0;0;0;0;0;0;0;0;0;0;0;0;0;0;0;0;0;0;47;194;255;254;254;163;119;23;0;0;0;0;0;0;0;0;0;0;0;0;0;0;0;0;0;0;0;0;136;253;174;181;233;244;253;230;87;6;0;0;0;0;0;0;0;0;0;0;0;0;0;0;0;0;0;0;136;222;0;0;0;42;78;186;253;108;0;0;0;0;0;0;0;0;0;0;0;0;0;0;0;0;0;0;136;155;0;0;0;0;0;95;247;247;160;0;0;0;0;0;0;0;0;0;0;0;0;0;0;0;0;0;212;155;0;0;0;0;0;0;214;253;213;0;0;0;0;0;0;0;0;0;0;0;0;0;0;0;0;0;137;254;0;0;0;0;0;0;155;254;214;0;0;0;0;0;0;0;0;0;0;0;0;0;0;0;0;0;129;253;128;0;0;0;0;0;118;253;232;27;0;0;0;0;0;0;0;0;0;0;0;0;0;0;0;0;28;235;213;42;0;0;0;0;118;253;253;58;0;0;0;0;0;0;0;0;0;0;0;0;0;0;0;0;0;90;238;236;136;136;136;137;228;253;253;111;0;0;0;0;0;0;0;0;0;0;0;0;0;0;0;0;0;0;59;200;253;253;253;254;207;147;253;155;0;0;0;0;0;0;0;0;0;0;0;0;0;0;0;0;0;0;0;0;0;53;98;38;0;61;249;178;0;0;0;0;0;0;0;0;0;0;0;0;0;0;0;0;0;0;0;0;0;0;0;0;0;0;234;170;0;0;0;0;0;0;0;0;0;0;0;0;0;0;0;0;0;0;0;0;0;0;0;0;0;0;234;223;0;0;0;0;0;0;0;0;0;0;0;0;0;0;0;0;0;0;0;0;0;0;0;0;0;0;234;253;0;0;0;0;0;0;0;0;0;0;0;0;0;0;0;0;0;0;0;0;0;0;0;0;0;0;234;253;0;0;0;0;0;0;0;0;0;0;0;0;0;0;0;0;0;0;0;0;0;0;0;0;0;0;235;231;0;0;0;0;0;0;0;0;0;0;0;0;0;0;0;0;0;0;0;0;0;0;0;0;0;0;234;238;43;26;0;0;0;0;0;0;0;0;0;0;0;0;0;0;0;0;0;0;0;0;0;0;0;0;166;253;254;106;0;0;0;0;0;0;0;0;0;0;0;0;0;0;0;0;0;0;0;0;0;0;0;0;136;253;254;39;0;0;0;0;0;0;0;0;0;0;0;0;0;0;0;0;0;0;0;0;0;0;0;0;47;193;171;9;0;0;0;0;0;0;0;0;0;0;0;0;0;0;0;0;0;0;0;0;0;0;0;0;0;0;0;0;0;0;0;0;0;0;0;0;0;0;0;0;0;0;0;0;0;0;0;0;0;0;0;0;0;0;0;0;0;0;0;0;0;0;0
4;0;0;0;0;0;0;0;0;0;0;0;0;0;0;0;0;0;0;0;0;0;0;0;0;0;0;0;0;0;0;0;0;0;0;0;0;0;0;0;0;0;0;0;0;0;0;0;0;0;0;0;0;0;0;0;0;0;0;0;0;0;0;0;0;0;0;0;0;0;0;0;0;0;0;0;0;0;0;0;0;0;0;0;0;0;0;0;0;0;0;0;0;0;0;0;0;0;0;0;0;0;0;0;0;0;0;0;0;0;0;0;0;0;0;0;0;0;0;0;0;0;0;0;0;0;0;0;0;0;0;0;0;0;0;0;0;0;0;0;0;0;0;0;0;0;0;0;0;0;0;0;0;0;0;0;0;0;0;0;0;0;0;0;0;0;0;0;0;0;0;0;0;0;0;0;25;28;6;0;0;0;0;0;0;19;183;153;16;0;0;0;0;0;0;0;0;0;0;0;0;0;0;31;219;231;69;0;0;0;0;0;0;32;254;254;163;0;0;0;0;0;0;0;0;0;0;0;0;0;0;84;254;255;120;0;0;0;0;0;0;32;254;254;172;0;0;0;0;0;0;0;0;0;0;0;0;0;0;118;254;254;31;0;0;0;0;0;0;22;231;254;159;0;0;0;0;0;0;0;0;0;0;0;0;0;19;222;254;217;15;0;0;0;0;0;0;0;182;254;102;0;0;0;0;0;0;0;0;0;0;0;0;0;37;254;254;151;0;0;0;0;0;0;0;0;182;254;187;0;0;0;0;0;0;0;0;0;0;0;0;0;128;254;254;78;0;0;0;0;0;0;0;0;182;254;219;17;0;0;0;0;0;0;0;0;0;0;0;0;73;254;254;193;76;22;0;0;0;0;0;21;230;254;254;36;0;0;0;0;0;0;0;0;0;0;0;0;6;196;254;254;254;228;214;214;214;214;214;219;254;254;254;36;0;0;0;0;0;0;0;0;0;0;0;0;0;33;109;239;254;254;254;254;254;254;254;254;254;254;254;36;0;0;0;0;0;0;0;0;0;0;0;0;0;0;0;66;155;155;155;155;155;155;155;167;254;254;254;36;0;0;0;0;0;0;0;0;0;0;0;0;0;0;0;0;0;0;0;0;0;0;0;1;166;254;254;53;0;0;0;0;0;0;0;0;0;0;0;0;0;0;0;0;0;0;0;0;0;0;0;0;79;254;254;140;0;0;0;0;0;0;0;0;0;0;0;0;0;0;0;0;0;0;0;0;0;0;0;0;5;231;254;140;0;0;0;0;0;0;0;0;0;0;0;0;0;0;0;0;0;0;0;0;0;0;0;0;0;229;254;140;0;0;0;0;0;0;0;0;0;0;0;0;0;0;0;0;0;0;0;0;0;0;0;0;39;242;254;140;0;0;0;0;0;0;0;0;0;0;0;0;0;0;0;0;0;0;0;0;0;0;0;0;79;254;254;140;0;0;0;0;0;0;0;0;0;0;0;0;0;0;0;0;0;0;0;0;0;0;0;0;79;254;254;140;0;0;0;0;0;0;0;0;0;0;0;0;0;0;0;0;0;0;0;0;0;0;0;0;61;249;254;140;0;0;0;0;0;0;0;0;0;0;0;0;0;0;0;0;0;0;0;0;0;0;0;0;0;229;184;40;0;0;0;0;0;0;0;0;0;0;0;0;0;0;0;0;0;0;0;0;0;0;0;0;0;0;0;0;0;0;0;0;0;0;0;0;0;0;0;0;0;0;0;0;0;0;0;0;0;0;0;0;0;0;0;0;0;0;0;0;0;0;0
9;0;0;0;0;0;0;0;0;0;0;0;0;0;0;0;0;0;0;0;0;0;0;0;0;0;0;0;0;0;0;0;0;0;0;0;0;0;0;0;0;0;0;0;0;0;0;0;0;0;0;0;0;0;0;0;0;0;0;0;0;0;0;0;0;0;0;0;0;0;0;0;0;0;0;0;0;0;0;0;0;0;0;0;0;0;0;0;0;0;0;0;0;0;0;0;0;0;0;0;0;0;0;0;0;0;0;0;0;0;0;0;0;0;0;0;0;0;0;0;0;0;0;0;0;0;0;0;0;0;0;0;0;0;0;0;0;0;0;0;0;0;0;0;0;0;0;0;0;0;0;0;0;0;0;0;0;0;0;0;0;0;0;0;0;0;0;0;0;0;0;0;0;0;0;0;0;0;0;0;0;0;0;0;0;0;0;0;0;0;0;0;0;0;0;0;0;0;0;0;0;0;0;0;0;0;9;24;139;138;222;201;253;255;232;138;97;13;0;0;0;0;0;0;0;0;0;0;0;0;0;0;0;32;186;252;253;252;252;252;252;253;252;252;252;211;100;38;0;0;0;0;0;0;0;0;0;0;0;0;0;134;240;252;253;208;183;183;130;184;196;202;240;252;253;240;101;13;0;0;0;0;0;0;0;0;0;0;60;209;252;168;46;17;0;0;0;0;9;13;80;244;253;252;252;98;0;0;0;0;0;0;0;0;0;0;109;252;252;75;0;0;0;0;0;0;0;0;0;21;148;252;252;234;21;0;0;0;0;0;0;0;0;22;245;253;253;253;139;118;24;15;0;0;0;0;19;128;85;136;199;74;0;0;0;0;0;0;0;0;0;0;67;221;252;252;253;252;252;219;161;162;161;161;236;252;241;42;0;0;0;0;0;0;0;0;0;0;0;0;34;183;240;252;253;252;252;252;252;253;252;252;252;252;146;0;0;0;0;0;0;0;0;0;0;0;0;0;0;0;37;45;161;219;252;252;252;253;252;252;252;210;21;0;0;0;0;0;0;0;0;0;0;0;0;0;0;0;0;0;0;15;22;65;242;253;252;221;96;12;0;0;0;0;0;0;0;0;0;0;0;0;0;0;0;0;0;0;0;0;7;212;253;255;196;0;0;0;0;0;0;0;0;0;0;0;0;0;0;0;0;0;0;0;0;0;0;0;91;252;252;218;33;0;0;0;0;0;0;0;0;0;0;0;0;0;0;0;0;0;0;0;0;0;11;159;234;252;221;32;0;0;0;0;0;0;0;0;0;0;0;0;0;0;0;0;0;0;0;0;0;0;51;194;252;252;96;0;0;0;0;0;0;0;0;0;0;0;0;0;0;0;0;0;0;0;0;0;0;53;243;252;221;96;2;0;0;0;0;0;0;0;0;0;0;0;0;0;0;0;0;0;0;0;0;0;62;191;252;209;84;0;0;0;0;0;0;0;0;0;0;0;0;0;0;0;0;0;0;0;0;0;0;13;215;252;241;42;0;0;0;0;0;0;0;0;0;0;0;0;0;0;0;0;0;0;0;0;0;0;0;153;252;252;63;0;0;0;0;0;0;0;0;0;0;0;0;0;0;0;0;0;0;0;0;0;0;0;91;240;252;64;0;0;0;0;0;0;0;0;0;0;0;0;0;0;0;0;0;0;0;0;0;0;0;0;99;252;116;2;0;0;0;0;0;0;0;0;0;0;0;0;0;0;0;0;0;0;0;0;0;0;0;0;0;0;0;0;0;0;0;0;0;0;0;0;0;0;0;0;0;0;0;0;0
4;0;0;0;0;0;0;0;0;0;0;0;0;0;0;0;0;0;0;0;0;0;0;0;0;0;0;0;0;0;0;0;0;0;0;0;0;0;0;0;0;0;0;0;0;0;0;0;0;0;0;0;0;0;0;0;0;0;0;0;0;0;0;0;0;0;0;0;0;0;0;0;0;0;0;0;0;0;0;0;0;0;0;0;0;0;0;0;0;0;0;0;0;0;0;0;0;0;0;0;0;0;0;0;0;0;0;0;0;0;0;0;0;0;0;0;0;0;0;0;0;0;0;0;0;0;0;0;0;0;0;0;0;0;0;0;0;0;0;0;0;0;0;0;0;0;0;0;0;0;0;0;0;0;0;0;0;0;0;0;0;12;192;233;24;0;0;0;0;0;0;0;0;0;0;0;0;0;0;0;0;0;0;0;0;0;0;0;8;159;254;106;4;0;0;0;0;0;0;0;0;0;0;0;0;0;0;0;7;122;141;0;0;0;0;0;90;254;250;9;0;0;0;0;0;0;0;0;0;0;0;0;0;0;0;13;229;254;162;0;0;0;0;23;241;254;169;0;0;0;0;0;0;0;0;0;0;0;0;0;0;0;27;220;254;243;37;0;0;0;0;76;254;250;68;0;0;0;0;0;0;0;0;0;0;0;0;0;0;6;167;254;254;79;0;0;0;0;0;152;254;235;0;0;0;0;0;0;0;0;0;0;0;0;0;0;0;108;254;254;162;3;0;0;0;0;39;229;254;203;0;0;0;0;0;0;0;0;0;0;0;0;0;0;66;251;254;221;31;0;0;0;0;0;104;254;254;85;0;0;0;0;0;0;0;0;0;0;0;0;0;5;190;254;231;38;0;0;0;0;0;5;190;254;213;7;0;0;0;0;0;0;0;0;0;0;0;0;0;38;254;254;171;0;0;0;0;0;0;73;254;254;171;0;0;0;0;0;0;0;0;0;0;0;0;0;0;63;254;254;113;0;0;0;0;0;0;132;254;254;113;0;0;0;0;0;0;0;0;0;0;0;0;0;0;43;245;254;221;91;38;2;0;0;10;220;254;254;182;0;0;0;0;0;0;0;0;0;0;0;0;0;0;0;156;254;254;254;254;200;198;198;213;254;254;251;109;0;0;0;0;0;0;0;0;0;0;0;0;0;0;0;4;113;220;254;254;254;254;254;254;254;254;150;0;0;0;0;0;0;0;0;0;0;0;0;0;0;0;0;0;0;11;25;113;203;206;241;254;254;139;6;0;0;0;0;0;0;0;0;0;0;0;0;0;0;0;0;0;0;0;0;0;0;13;217;254;181;11;0;0;0;0;0;0;0;0;0;0;0;0;0;0;0;0;0;0;0;0;0;0;0;60;254;255;122;0;0;0;0;0;0;0;0;0;0;0;0;0;0;0;0;0;0;0;0;0;0;0;0;143;254;240;25;0;0;0;0;0;0;0;0;0;0;0;0;0;0;0;0;0;0;0;0;0;0;0;0;217;254;188;0;0;0;0;0;0;0;0;0;0;0;0;0;0;0;0;0;0;0;0;0;0;0;0;0;147;254;119;0;0;0;0;0;0;0;0;0;0;0;0;0;0;0;0;0;0;0;0;0;0;0;0;0;0;0;0;0;0;0;0;0;0;0;0;0;0;0;0;0;0;0;0;0;0;0;0;0;0;0;0;0;0;0;0;0;0;0;0;0;0;0;0;0;0;0;0;0;0;0;0;0;0;0;0;0;0;0;0;0;0;0;0;0;0;0;0;0;0;0;0;0;0;0;0
4;0;0;0;0;0;0;0;0;0;0;0;0;0;0;0;0;0;0;0;0;0;0;0;0;0;0;0;0;0;0;0;0;0;0;0;0;0;0;0;0;0;0;0;0;0;0;0;0;0;0;0;0;0;0;0;0;0;0;0;0;0;0;0;0;0;0;0;0;0;0;0;0;0;0;0;0;0;0;0;0;0;0;0;0;0;0;0;0;0;0;0;0;0;0;0;0;0;0;0;0;0;0;0;0;0;0;0;0;0;0;0;0;0;0;0;0;0;0;0;0;0;0;0;0;0;0;0;0;0;0;0;0;0;0;0;0;0;0;0;0;0;0;0;0;0;0;0;128;64;0;0;0;0;0;0;0;0;0;0;0;128;255;0;0;0;0;0;0;0;0;0;0;0;0;0;255;128;0;0;0;0;0;0;0;0;0;0;0;255;255;191;0;0;0;0;0;0;0;0;0;0;64;64;255;255;64;0;0;0;0;0;0;0;0;0;0;128;255;255;128;0;0;0;0;0;0;0;0;0;0;0;255;255;0;0;0;0;0;0;0;0;0;0;0;64;255;255;128;0;0;0;0;0;0;0;0;0;0;0;255;128;0;0;0;0;0;0;0;0;0;0;0;128;255;255;0;0;0;0;0;0;0;0;0;0;0;64;255;128;0;0;0;0;0;0;0;0;0;0;0;191;255;191;0;0;0;0;0;0;0;0;0;0;0;64;255;128;0;0;0;0;0;0;0;0;0;0;0;255;255;128;0;0;0;0;0;0;0;0;0;0;0;191;255;128;0;0;0;0;0;0;0;0;0;0;128;255;255;0;0;0;0;0;0;0;0;0;0;0;64;255;255;0;0;0;0;0;0;0;0;0;0;0;255;255;255;0;0;0;0;0;0;0;0;0;0;0;128;255;255;0;0;0;0;0;0;64;0;128;128;191;255;255;128;0;0;0;0;0;0;0;0;0;0;128;255;255;255;255;255;191;191;64;128;255;255;255;255;255;255;255;128;0;0;0;0;0;0;0;0;0;0;128;255;255;255;255;255;255;191;255;255;255;255;255;255;255;255;191;0;0;0;0;0;0;0;0;0;0;0;191;255;255;255;255;255;255;255;191;128;191;191;191;255;255;255;128;0;0;0;0;0;0;0;0;0;0;0;0;128;191;128;128;0;0;0;0;0;0;0;128;255;255;191;64;0;0;0;0;0;0;0;0;0;0;0;0;0;0;0;0;0;0;0;0;0;0;0;255;255;255;191;0;0;0;0;0;0;0;0;0;0;0;0;0;0;0;0;0;0;0;0;0;0;0;0;0;255;255;64;0;0;0;0;0;0;0;0;0;0;0;0;0;0;0;0;0;0;0;0;0;0;0;0;64;255;191;0;0;0;0;0;0;0;0;0;0;0;0;0;0;0;0;0;0;0;0;0;0;0;0;0;255;255;128;0;0;0;0;0;0;0;0;0;0;0;0;0;0;0;0;0;0;0;0;0;0;0;0;0;128;255;255;128;0;0;0;0;0;0;0;0;0;0;0;0;0;0;0;0;0;0;0;0;0;0;0;0;191;191;191;0;0;0;0;0;0;0;0;0;0;0;0;0;0;0;0;0;0;0;0;0;0;0;0;0;0;0;0;0;0;0;0;0;0;0;0;0;0;0;0;0;0;0;0;0;0;0;0;0;0;0;0;0;0;0;0;0;0;0;0;0;0;0;0;0;0;0;0;0;0;0;0;0;0;0;0;0;0;0;0;0;0;0;0;0;0;0;0;0;0;0;0;0